cluster,carburant,segment,age_class,km_class,annonces_publiees,ventes,opt_ventes,ecart_ventes,ventes/annonces,opt_ventes/annonces,ecart_ventes/annonces,BP/B2C_min,BP/B2C,BP/B2C_max,opt_BP/B2C_min,opt_BP/B2C,opt_BP/B2C_max,ecart_BP/B2C,CP/B2C_min,CP/B2C,CP/B2C_max,opt_CP/B2C_min,opt_CP/B2C,opt_CP/B2C_max,ecart_CP/B2C,commission,opt_commission,ecart_commission,delai_vente,opt_delai_vente,ecart_delai_vente,gain_total,opt_gain_total,ecart_gain_total,opt_size,final_BP/B2C_min,final_BP/B2C,final_BP/B2C_max,final_CP/B2C_min,final_CP/B2C,final_CP/B2C_max,final_ventes/annonces,final_commission,final_delai_vente,final_ventes,final_gain_total,reference,methode,final_ecart_BP/B2C_min,final_ecart_BP/B2C,final_ecart_BP/B2C_max,final_ecart_CP/B2C_min,final_ecart_CP/B2C,final_ecart_CP/B2C_max,final_ecart_ventes/annonces,final_ecart_commission,final_ecart_delai_vente,final_ecart_ventes,final_ecart_gain_total
DIESEL_PETIT_2_normale,DIESEL,PETIT,"2,00",normale,"84,00","31,00","36,96","5,96","0,37","0,44","0,07","0,84","0,89","0,93","0,85","0,87","0,90","-0,01","0,92","0,95","0,97","0,93","0,95","0,96","0,00","922,03","965,09","43,06","49,39","41,36","-8,02","28583,00","35669,76","7086,76","25,00","0,84","0,89","0,93","0,92","0,95","0,97","0,37","922,03","49,39","31,00","28583,00",DIESEL_PETIT_2_normale,moyenne cluster,"0,00","0,00","0,00","0,00","0,00","0,00","0,00","0,00","0,00","0,00","0,00"
DIESEL_PETIT_2_souskm,DIESEL,PETIT,"2,00",souskm,"2,00","0,00","0,00","0,00","0,00","0,00","0,00","0,00","0,00","0,00","0,00","0,00","0,00","0,00","0,00","0,00","0,00","0,00","0,00","0,00","0,00","0,00","0,00","0,00","0,00","0,00","0,00","0,00","0,00","0,00","0,00","0,82","0,88","0,94","0,94","0,99","1,03","0,50","784,91","36,75","417,00","327307,10",DIESEL_PETIT_7_normale,moyenne cluster reference,"0,00","0,00","0,00","0,00","0,00","0,00","0,00","0,00","0,00","0,00","0,00"
DIESEL_PETIT_2_surkm,DIESEL,PETIT,"2,00",surkm,"0,00","0,00","0,00","0,00","0,00","0,00","0,00","0,00","0,00","0,00","0,00","0,00","0,00","0,00","0,00","0,00","0,00","0,00","0,00","0,00","0,00","0,00","0,00","0,00","0,00","0,00","0,00","0,00","0,00","0,00","0,00","0,82","0,88","0,94","0,94","0,99","1,03","0,50","784,91","36,75","417,00","327307,10",DIESEL_PETIT_7_normale,moyenne cluster reference,"0,00","0,00","0,00","0,00","0,00","0,00","0,00","0,00","0,00","0,00","0,00"
DIESEL_PETIT_27_normale,DIESEL,PETIT,"27,00",normale,"814,00","371,00","403,55","32,55","0,46","0,50","0,04","0,83","0,88","0,93","0,85","0,88","0,90","0,00","0,92","0,95","0,97","0,93","0,95","0,97","0,00","901,70","926,40","24,70","39,73","34,43","-5,30","334531,00","373850,19","39319,19","236,00","0,85","0,88","0,90","0,93","0,95","0,97","0,50","926,40","34,43","403,55","373850,19",DIESEL_PETIT_27_normale,optimisation cluster,"0,02","0,00","-0,03","0,00","0,00","0,00","0,04","24,70","-5,30","32,55","39319,19"
DIESEL_PETIT_27_souskm,DIESEL,PETIT,"27,00",souskm,"26,00","10,00","14,86","4,86","0,38","0,57","0,19","0,82","0,85","0,90","0,80","0,83","0,85","-0,02","0,88","0,91","0,93","0,86","0,88","0,88","-0,04","830,10","840,25","10,15","48,20","31,25","-16,95","8301,00","12483,71","4182,71","7,00","0,82","0,85","0,90","0,88","0,91","0,93","0,38","830,10","48,20","10,00","8301,00",DIESEL_PETIT_27_souskm,moyenne cluster,"0,00","0,00","0,00","0,00","0,00","0,00","0,00","0,00","0,00","0,00","0,00"
DIESEL_PETIT_27_surkm,DIESEL,PETIT,"27,00",surkm,"3,00","1,00","0,00","0,00","0,33","0,00","0,00","0,88","0,95","0,99","0,00","0,00","0,00","0,00","1,27","1,27","1,27","0,00","0,00","0,00","0,00","990,00","0,00","0,00","85,00","0,00","0,00","990,00","0,00","0,00","0,00","0,82","0,88","0,94","0,94","0,99","1,03","0,50","784,91","36,75","417,00","327307,10",DIESEL_PETIT_7_normale,moyenne cluster reference,"-0,06","-0,06","-0,05","-0,33","-0,28","-0,24","0,17","-205,09","-48,25","416,00","326317,10"
DIESEL_PETIT_7_normale,DIESEL,PETIT,"7,00",normale,"832,00","417,00","437,39","20,39","0,50","0,53","0,03","0,82","0,88","0,94","0,85","0,87","0,90","-0,01","0,94","0,99","1,03","0,94","0,98","1,01","-0,01","784,91","820,49","35,58","36,75","33,36","-3,39","327307,10","358877,26","31570,16","175,00","0,85","0,87","0,90","0,94","0,98","1,01","0,53","820,49","33,36","437,39","358877,26",DIESEL_PETIT_7_normale,optimisation cluster,"0,03","-0,01","-0,04","0,00","-0,01","-0,02","0,03","35,58","-3,39","20,39","31570,16"
DIESEL_PETIT_7_souskm,DIESEL,PETIT,"7,00",souskm,"1,00","0,00","0,00","0,00","0,00","0,00","0,00","0,00","0,00","0,00","0,00","0,00","0,00","0,00","0,00","0,00","0,00","0,00","0,00","0,00","0,00","0,00","0,00","0,00","0,00","0,00","0,00","0,00","0,00","0,00","0,00","0,82","0,88","0,94","0,94","0,99","1,03","0,50","784,91","36,75","417,00","327307,10",DIESEL_PETIT_7_normale,moyenne cluster reference,"0,00","0,00","0,00","0,00","0,00","0,00","0,00","0,00","0,00","0,00","0,00"
DIESEL_PETIT_7_surkm,DIESEL,PETIT,"7,00",surkm,"98,00","69,00","76,22","7,22","0,70","0,78","0,08","0,85","0,91","0,97","0,95","0,97","1,00","0,06","0,94","1,02","1,08","0,98","1,06","1,10","0,04","787,86","804,29","16,43","27,43","31,93","4,49","54362,00","61304,44","6942,44","18,00","0,85","0,91","0,97","0,94","1,02","1,08","0,70","787,86","27,43","69,00","54362,00",DIESEL_PETIT_7_surkm,moyenne cluster,"0,00","0,00","0,00","0,00","0,00","0,00","0,00","0,00","0,00","0,00","0,00"
DIESEL_GRAND_2_normale,DIESEL,GRAND,"2,00",normale,"15,00","5,00","6,43","1,43","0,33","0,43","0,10","0,86","0,91","0,94","0,85","0,87","0,90","-0,04","0,92","0,94","0,98","0,95","0,96","0,98","0,02","1137,40","1235,67","98,27","52,40","48,67","-3,73","5687,00","7943,57","2256,57","7,00","0,86","0,91","0,94","0,92","0,94","0,98","0,33","1137,40","52,40","5,00","5687,00",DIESEL_GRAND_2_normale,moyenne cluster,"0,00","0,00","0,00","0,00","0,00","0,00","0,00","0,00","0,00","0,00","0,00"
DIESEL_GRAND_2_souskm,DIESEL,GRAND,"2,00",souskm,"1,00","0,00","0,00","0,00","0,00","0,00","0,00","0,00","0,00","0,00","0,00","0,00","0,00","0,00","0,00","0,00","0,00","0,00","0,00","0,00","0,00","0,00","0,00","0,00","0,00","0,00","0,00","0,00","0,00","0,00","0,00","0,82","0,88","0,94","0,94","0,99","1,03","0,50","784,91","36,75","417,00","327307,10",DIESEL_PETIT_7_normale,moyenne cluster reference,"0,00","0,00","0,00","0,00","0,00","0,00","0,00","0,00","0,00","0,00","0,00"
DIESEL_GRAND_2_surkm,DIESEL,GRAND,"2,00",surkm,"0,00","0,00","0,00","0,00","0,00","0,00","0,00","0,00","0,00","0,00","0,00","0,00","0,00","0,00","0,00","0,00","0,00","0,00","0,00","0,00","0,00","0,00","0,00","0,00","0,00","0,00","0,00","0,00","0,00","0,00","0,00","0,82","0,88","0,94","0,94","0,99","1,03","0,50","784,91","36,75","417,00","327307,10",DIESEL_PETIT_7_normale,moyenne cluster reference,"0,00","0,00","0,00","0,00","0,00","0,00","0,00","0,00","0,00","0,00","0,00"
DIESEL_GRAND_27_normale,DIESEL,GRAND,"27,00",normale,"194,00","75,00","79,68","4,68","0,39","0,41","0,02","0,83","0,88","0,93","0,85","0,87","0,90","-0,01","0,91","0,94","0,97","0,92","0,95","0,98","0,01","1074,83","1120,35","45,52","43,85","39,52","-4,33","80612,00","89267,71","8655,71","56,00","0,83","0,88","0,93","0,91","0,94","0,97","0,39","1074,83","43,85","75,00","80612,00",DIESEL_GRAND_27_normale,moyenne cluster,"0,00","0,00","0,00","0,00","0,00","0,00","0,00","0,00","0,00","0,00","0,00"
DIESEL_GRAND_27_souskm,DIESEL,GRAND,"27,00",souskm,"12,00","2,00","0,00","-2,00","0,17","0,00","-0,17","0,81","0,84","0,91","0,85","0,87","0,90","0,02","0,95","0,95","0,96","0,00","0,00","0,00","0,00","1013,50","0,00","0,00","32,50","0,00","0,00","2027,00","0,00","0,00","3,00","0,82","0,88","0,94","0,94","0,99","1,03","0,50","784,91","36,75","417,00","327307,10",DIESEL_PETIT_7_normale,moyenne cluster reference,"0,01","0,04","0,04","-0,01","0,04","0,07","0,33","-228,59","4,25","415,00","325280,10"
DIESEL_GRAND_27_surkm,DIESEL,GRAND,"27,00",surkm,"5,00","4,00","0,00","0,00","0,80","0,00","0,00","0,90","0,93","0,95","0,00","0,00","0,00","0,00","0,92","0,94","0,95","0,00","0,00","0,00","0,00","1123,75","0,00","0,00","31,50","0,00","0,00","4495,00","0,00","0,00","0,00","0,82","0,88","0,94","0,94","0,99","1,03","0,50","784,91","36,75","417,00","327307,10",DIESEL_PETIT_7_normale,moyenne cluster reference,"-0,08","-0,05","0,00","0,02","0,05","0,08","-0,30","-338,84","5,25","413,00","322812,10"
DIESEL_GRAND_7_normale,DIESEL,GRAND,"7,00",normale,"161,00","80,00","99,34","19,34","0,50","0,62","0,12","0,84","0,89","0,94","0,85","0,88","0,90","-0,01","0,90","0,96","1,00","0,91","0,96","0,99","0,00","873,80","862,72","-11,08","35,18","33,52","-1,66","69904,00","85703,38","15799,38","47,00","0,84","0,89","0,94","0,90","0,96","1,00","0,50","873,80","35,18","80,00","69904,00",DIESEL_GRAND_7_normale,moyenne cluster,"0,00","0,00","0,00","0,00","0,00","0,00","0,00","0,00","0,00","0,00","0,00"
DIESEL_GRAND_7_souskm,DIESEL,GRAND,"7,00",souskm,"0,00","0,00","0,00","0,00","0,00","0,00","0,00","0,00","0,00","0,00","0,00","0,00","0,00","0,00","0,00","0,00","0,00","0,00","0,00","0,00","0,00","0,00","0,00","0,00","0,00","0,00","0,00","0,00","0,00","0,00","0,00","0,82","0,88","0,94","0,94","0,99","1,03","0,50","784,91","36,75","417,00","327307,10",DIESEL_PETIT_7_normale,moyenne cluster reference,"0,00","0,00","0,00","0,00","0,00","0,00","0,00","0,00","0,00","0,00","0,00"
DIESEL_GRAND_7_surkm,DIESEL,GRAND,"7,00",surkm,"20,00","12,00","20,00","8,00","0,60","1,00","0,40","0,86","0,91","0,99","0,80","0,85","0,85","-0,07","0,91","1,01","1,07","1,16","1,16","1,16","0,15","840,00","890,00","50,00","28,92","10,00","-18,92","10080,00","17800,00","7720,00","1,00","0,86","0,91","0,99","0,91","1,01","1,07","0,60","840,00","28,92","12,00","10080,00",DIESEL_GRAND_7_surkm,moyenne cluster,"0,00","0,00","0,00","0,00","0,00","0,00","0,00","0,00","0,00","0,00","0,00"
DIESEL_SPORT_2_normale,DIESEL,SPORT,"2,00",normale,"1,00","0,00","0,00","0,00","0,00","0,00","0,00","0,00","0,00","0,00","0,00","0,00","0,00","0,00","0,00","0,00","0,00","0,00","0,00","0,00","0,00","0,00","0,00","0,00","0,00","0,00","0,00","0,00","0,00","0,00","0,00","0,82","0,88","0,94","0,94","0,99","1,03","0,50","784,91","36,75","417,00","327307,10",DIESEL_PETIT_7_normale,moyenne cluster reference,"0,00","0,00","0,00","0,00","0,00","0,00","0,00","0,00","0,00","0,00","0,00"
DIESEL_SPORT_2_souskm,DIESEL,SPORT,"2,00",souskm,"0,00","0,00","0,00","0,00","0,00","0,00","0,00","0,00","0,00","0,00","0,00","0,00","0,00","0,00","0,00","0,00","0,00","0,00","0,00","0,00","0,00","0,00","0,00","0,00","0,00","0,00","0,00","0,00","0,00","0,00","0,00","0,82","0,88","0,94","0,94","0,99","1,03","0,50","784,91","36,75","417,00","327307,10",DIESEL_PETIT_7_normale,moyenne cluster reference,"0,00","0,00","0,00","0,00","0,00","0,00","0,00","0,00","0,00","0,00","0,00"
DIESEL_SPORT_2_surkm,DIESEL,SPORT,"2,00",surkm,"0,00","0,00","0,00","0,00","0,00","0,00","0,00","0,00","0,00","0,00","0,00","0,00","0,00","0,00","0,00","0,00","0,00","0,00","0,00","0,00","0,00","0,00","0,00","0,00","0,00","0,00","0,00","0,00","0,00","0,00","0,00","0,82","0,88","0,94","0,94","0,99","1,03","0,50","784,91","36,75","417,00","327307,10",DIESEL_PETIT_7_normale,moyenne cluster reference,"0,00","0,00","0,00","0,00","0,00","0,00","0,00","0,00","0,00","0,00","0,00"
DIESEL_SPORT_27_normale,DIESEL,SPORT,"27,00",normale,"35,00","9,00","17,50","8,50","0,26","0,50","0,24","0,82","0,86","0,91","0,85","0,87","0,90","0,01","0,93","0,95","0,96","0,93","0,95","0,96","0,00","981,22","1030,33","49,11","38,22","31,67","-6,56","8831,00","18030,83","9199,83","6,00","0,82","0,86","0,91","0,93","0,95","0,96","0,26","981,22","38,22","9,00","8831,00",DIESEL_SPORT_27_normale,moyenne cluster,"0,00","0,00","0,00","0,00","0,00","0,00","0,00","0,00","0,00","0,00","0,00"
DIESEL_SPORT_27_souskm,DIESEL,SPORT,"27,00",souskm,"1,00","0,00","0,00","0,00","0,00","0,00","0,00","0,00","0,00","0,00","0,00","0,00","0,00","0,00","0,00","0,00","0,00","0,00","0,00","0,00","0,00","0,00","0,00","0,00","0,00","0,00","0,00","0,00","0,00","0,00","0,00","0,82","0,88","0,94","0,94","0,99","1,03","0,50","784,91","36,75","417,00","327307,10",DIESEL_PETIT_7_normale,moyenne cluster reference,"0,00","0,00","0,00","0,00","0,00","0,00","0,00","0,00","0,00","0,00","0,00"
DIESEL_SPORT_27_surkm,DIESEL,SPORT,"27,00",surkm,"0,00","0,00","0,00","0,00","0,00","0,00","0,00","0,00","0,00","0,00","0,00","0,00","0,00","0,00","0,00","0,00","0,00","0,00","0,00","0,00","0,00","0,00","0,00","0,00","0,00","0,00","0,00","0,00","0,00","0,00","0,00","0,82","0,88","0,94","0,94","0,99","1,03","0,50","784,91","36,75","417,00","327307,10",DIESEL_PETIT_7_normale,moyenne cluster reference,"0,00","0,00","0,00","0,00","0,00","0,00","0,00","0,00","0,00","0,00","0,00"
DIESEL_SPORT_7_normale,DIESEL,SPORT,"7,00",normale,"29,00","13,00","19,33","6,33","0,45","0,67","0,22","0,85","0,89","0,94","0,85","0,88","0,90","-0,02","0,92","0,96","1,00","0,90","0,94","0,98","-0,02","873,15","865,00","-8,15","40,38","26,67","-13,72","11351,00","16723,33","5372,33","9,00","0,85","0,89","0,94","0,92","0,96","1,00","0,45","873,15","40,38","13,00","11351,00",DIESEL_SPORT_7_normale,moyenne cluster,"0,00","0,00","0,00","0,00","0,00","0,00","0,00","0,00","0,00","0,00","0,00"
DIESEL_SPORT_7_souskm,DIESEL,SPORT,"7,00",souskm,"0,00","0,00","0,00","0,00","0,00","0,00","0,00","0,00","0,00","0,00","0,00","0,00","0,00","0,00","0,00","0,00","0,00","0,00","0,00","0,00","0,00","0,00","0,00","0,00","0,00","0,00","0,00","0,00","0,00","0,00","0,00","0,82","0,88","0,94","0,94","0,99","1,03","0,50","784,91","36,75","417,00","327307,10",DIESEL_PETIT_7_normale,moyenne cluster reference,"0,00","0,00","0,00","0,00","0,00","0,00","0,00","0,00","0,00","0,00","0,00"
DIESEL_SPORT_7_surkm,DIESEL,SPORT,"7,00",surkm,"7,00","5,00","0,00","0,00","0,71","0,00","0,00","0,85","0,90","0,96","0,00","0,00","0,00","0,00","0,94","1,05","1,04","0,00","0,00","0,00","0,00","890,20","0,00","0,00","26,60","0,00","0,00","4451,00","0,00","0,00","0,00","0,85","0,90","0,96","0,94","1,05","1,04","0,71","890,20","26,60","5,00","4451,00",DIESEL_SPORT_7_surkm,moyenne cluster,"0,00","0,00","0,00","0,00","0,00","0,00","0,00","0,00","0,00","0,00","0,00"
ESSENCE_PETIT_2_normale,ESSENCE,PETIT,"2,00",normale,"170,00","78,00","86,44","8,44","0,46","0,51","0,05","0,84","0,88","0,92","0,85","0,88","0,90","0,00","0,91","0,93","0,96","0,91","0,94","0,95","0,00","903,42","937,73","34,31","36,63","30,83","-5,79","70467,00","81058,31","10591,31","59,00","0,84","0,88","0,92","0,91","0,93","0,96","0,46","903,42","36,63","78,00","70467,00",ESSENCE_PETIT_2_normale,moyenne cluster,"0,00","0,00","0,00","0,00","0,00","0,00","0,00","0,00","0,00","0,00","0,00"
ESSENCE_PETIT_2_souskm,ESSENCE,PETIT,"2,00",souskm,"2,00","2,00","0,00","0,00","1,00","0,00","0,00","0,66","0,80","0,93","0,00","0,00","0,00","0,00","0,91","0,92","0,93","0,00","0,00","0,00","0,00","1116,50","0,00","0,00","13,00","0,00","0,00","2233,00","0,00","0,00","0,00","0,84","0,90","0,93","0,94","0,97","1,00","0,51","857,06","36,12","594,00","509092,00",ESSENCE_PETIT_27_normale,moyenne cluster reference,"0,18","0,10","0,01","0,02","0,05","0,07","-0,49","-259,44","23,12","592,00","506859,00"
ESSENCE_PETIT_2_surkm,ESSENCE,PETIT,"2,00",surkm,"0,00","0,00","0,00","0,00","0,00","0,00","0,00","0,00","0,00","0,00","0,00","0,00","0,00","0,00","0,00","0,00","0,00","0,00","0,00","0,00","0,00","0,00","0,00","0,00","0,00","0,00","0,00","0,00","0,00","0,00","0,00","0,84","0,90","0,93","0,94","0,97","1,00","0,51","857,06","36,12","594,00","509092,00",ESSENCE_PETIT_27_normale,moyenne cluster reference,"0,00","0,00","0,00","0,00","0,00","0,00","0,00","0,00","0,00","0,00","0,00"
ESSENCE_PETIT_27_normale,ESSENCE,PETIT,"27,00",normale,"1167,00","594,00","694,29","100,29","0,51","0,59","0,08","0,84","0,90","0,93","0,80","0,83","0,85","-0,07","0,94","0,97","1,00","0,92","0,96","0,99","-0,01","857,06","838,97","-18,09","36,12","39,50","3,37","509092,00","582490,57","73398,57","237,00","0,80","0,83","0,85","0,92","0,96","0,99","0,59","838,97","39,50","694,29","582490,57",ESSENCE_PETIT_27_normale,optimisation cluster,"-0,04","-0,07","-0,08","-0,02","-0,01","-0,01","0,08","-18,09","3,37","100,29","73398,57"
ESSENCE_PETIT_27_souskm,ESSENCE,PETIT,"27,00",souskm,"27,00","11,00","20,25","9,25","0,41","0,75","0,34","0,81","0,84","0,88","0,75","0,78","0,80","-0,06","0,88","0,89","0,91","0,84","0,86","0,89","-0,03","810,18","790,00","-20,18","40,18","31,00","-9,18","8912,00","15997,50","7085,50","4,00","0,84","0,90","0,93","0,94","0,97","1,00","0,51","857,06","36,12","594,00","509092,00",ESSENCE_PETIT_27_normale,moyenne cluster reference,"0,04","0,05","0,05","0,06","0,08","0,09","0,10","46,88","-4,06","583,00","500180,00"
ESSENCE_PETIT_27_surkm,ESSENCE,PETIT,"27,00",surkm,"1,00","1,00","0,00","0,00","1,00","0,00","0,00","0,79","0,79","0,79","0,00","0,00","0,00","0,00","0,82","0,82","0,82","0,00","0,00","0,00","0,00","890,00","0,00","0,00","11,00","0,00","0,00","890,00","0,00","0,00","0,00","0,84","0,90","0,93","0,94","0,97","1,00","0,51","857,06","36,12","594,00","509092,00",ESSENCE_PETIT_27_normale,moyenne cluster reference,"0,05","0,10","0,14","0,12","0,15","0,18","-0,49","-32,94","25,12","593,00","508202,00"
ESSENCE_PETIT_7_normale,ESSENCE,PETIT,"7,00",normale,"797,00","471,00","551,77","80,77","0,59","0,69","0,10","0,82","0,89","0,96","0,75","0,78","0,80","-0,11","0,97","1,02","1,07","0,96","1,01","1,07","-0,01","749,41","697,14","-52,27","37,11","45,65","8,54","352973,00","384661,98","31688,98","91,00","0,75","0,78","0,80","0,96","1,01","1,07","0,69","697,14","45,65","551,77","384661,98",ESSENCE_PETIT_7_normale,optimisation cluster,"-0,07","-0,11","-0,16","-0,01","-0,01","0,00","0,10","-52,27","8,54","80,77","31688,98"
ESSENCE_PETIT_7_souskm,ESSENCE,PETIT,"7,00",souskm,"14,00","11,00","0,00","-11,00","0,79","0,00","-0,79","0,75","0,82","0,92","0,85","0,86","0,90","0,04","0,88","0,91","0,96","0,00","0,00","0,00","0,00","758,36","0,00","0,00","29,36","0,00","0,00","8342,00","0,00","0,00","1,00","0,84","0,90","0,93","0,94","0,97","1,00","0,51","857,06","36,12","594,00","509092,00",ESSENCE_PETIT_27_normale,moyenne cluster reference,"0,09","0,07","0,02","0,06","0,06","0,04","-0,28","98,69","6,76","583,00","500750,00"
ESSENCE_PETIT_7_surkm,ESSENCE,PETIT,"7,00",surkm,"37,00","26,00","31,71","5,71","0,70","0,86","0,16","0,86","0,94","1,04","0,80","0,83","0,85","-0,11","0,97","1,02","1,06","0,94","0,97","0,97","-0,05","724,62","723,33","-1,29","27,23","28,00","0,77","18840,00","22940,00","4100,00","7,00","0,86","0,94","1,04","0,97","1,02","1,06","0,70","724,62","27,23","26,00","18840,00",ESSENCE_PETIT_7_surkm,moyenne cluster,"0,00","0,00","0,00","0,00","0,00","0,00","0,00","0,00","0,00","0,00","0,00"
ESSENCE_GRAND_2_normale,ESSENCE,GRAND,"2,00",normale,"4,00","2,00","0,00","0,00","0,50","0,00","0,00","0,85","0,87","0,89","0,00","0,00","0,00","0,00","0,90","0,91","0,92","0,00","0,00","0,00","0,00","1082,00","0,00","0,00","40,50","0,00","0,00","2164,00","0,00","0,00","0,00","0,85","0,87","0,89","0,90","0,91","0,92","0,50","1082,00","40,50","2,00","2164,00",ESSENCE_GRAND_2_normale,moyenne cluster,"0,00","0,00","0,00","0,00","0,00","0,00","0,00","0,00","0,00","0,00","0,00"
ESSENCE_GRAND_2_souskm,ESSENCE,GRAND,"2,00",souskm,"0,00","0,00","0,00","0,00","0,00","0,00","0,00","0,00","0,00","0,00","0,00","0,00","0,00","0,00","0,00","0,00","0,00","0,00","0,00","0,00","0,00","0,00","0,00","0,00","0,00","0,00","0,00","0,00","0,00","0,00","0,00","0,84","0,90","0,93","0,94","0,97","1,00","0,51","857,06","36,12","594,00","509092,00",ESSENCE_PETIT_27_normale,moyenne cluster reference,"0,00","0,00","0,00","0,00","0,00","0,00","0,00","0,00","0,00","0,00","0,00"
ESSENCE_GRAND_2_surkm,ESSENCE,GRAND,"2,00",surkm,"0,00","0,00","0,00","0,00","0,00","0,00","0,00","0,00","0,00","0,00","0,00","0,00","0,00","0,00","0,00","0,00","0,00","0,00","0,00","0,00","0,00","0,00","0,00","0,00","0,00","0,00","0,00","0,00","0,00","0,00","0,00","0,84","0,90","0,93","0,94","0,97","1,00","0,51","857,06","36,12","594,00","509092,00",ESSENCE_PETIT_27_normale,moyenne cluster reference,"0,00","0,00","0,00","0,00","0,00","0,00","0,00","0,00","0,00","0,00","0,00"
ESSENCE_GRAND_27_normale,ESSENCE,GRAND,"27,00",normale,"17,00","11,00","12,14","1,14","0,65","0,71","0,06","0,86","0,89","0,93","0,85","0,87","0,90","-0,01","0,90","0,93","0,96","0,92","0,94","0,96","0,01","1118,00","1093,00","-25,00","24,36","25,40","1,04","12298,00","13272,14","974,14","7,00","0,86","0,89","0,93","0,90","0,93","0,96","0,65","1118,00","24,36","11,00","12298,00",ESSENCE_GRAND_27_normale,moyenne cluster,"0,00","0,00","0,00","0,00","0,00","0,00","0,00","0,00","0,00","0,00","0,00"
ESSENCE_GRAND_27_souskm,ESSENCE,GRAND,"27,00",souskm,"1,00","0,00","0,00","0,00","0,00","0,00","0,00","0,00","0,00","0,00","0,00","0,00","0,00","0,00","0,00","0,00","0,00","0,00","0,00","0,00","0,00","0,00","0,00","0,00","0,00","0,00","0,00","0,00","0,00","0,00","0,00","0,84","0,90","0,93","0,94","0,97","1,00","0,51","857,06","36,12","594,00","509092,00",ESSENCE_PETIT_27_normale,moyenne cluster reference,"0,00","0,00","0,00","0,00","0,00","0,00","0,00","0,00","0,00","0,00","0,00"
ESSENCE_GRAND_27_surkm,ESSENCE,GRAND,"27,00",surkm,"0,00","0,00","0,00","0,00","0,00","0,00","0,00","0,00","0,00","0,00","0,00","0,00","0,00","0,00","0,00","0,00","0,00","0,00","0,00","0,00","0,00","0,00","0,00","0,00","0,00","0,00","0,00","0,00","0,00","0,00","0,00","0,84","0,90","0,93","0,94","0,97","1,00","0,51","857,06","36,12","594,00","509092,00",ESSENCE_PETIT_27_normale,moyenne cluster reference,"0,00","0,00","0,00","0,00","0,00","0,00","0,00","0,00","0,00","0,00","0,00"
ESSENCE_GRAND_7_normale,ESSENCE,GRAND,"7,00",normale,"19,00","11,00","19,00","8,00","0,58","1,00","0,42","0,83","0,84","0,89","0,90","0,93","0,95","0,09","0,90","0,95","0,96","0,87","0,87","0,87","-0,08","827,27","990,00","162,73","56,27","12,00","-44,27","9100,00","18810,00","9710,00","1,00","0,84","0,90","0,93","0,94","0,97","1,00","0,51","857,06","36,12","594,00","509092,00",ESSENCE_PETIT_27_normale,moyenne cluster reference,"0,02","0,06","0,04","0,03","0,02","0,04","-0,07","29,78","-20,15","583,00","499992,00"
ESSENCE_GRAND_7_souskm,ESSENCE,GRAND,"7,00",souskm,"0,00","0,00","0,00","0,00","0,00","0,00","0,00","0,00","0,00","0,00","0,00","0,00","0,00","0,00","0,00","0,00","0,00","0,00","0,00","0,00","0,00","0,00","0,00","0,00","0,00","0,00","0,00","0,00","0,00","0,00","0,00","0,84","0,90","0,93","0,94","0,97","1,00","0,51","857,06","36,12","594,00","509092,00",ESSENCE_PETIT_27_normale,moyenne cluster reference,"0,00","0,00","0,00","0,00","0,00","0,00","0,00","0,00","0,00","0,00","0,00"
ESSENCE_GRAND_7_surkm,ESSENCE,GRAND,"7,00",surkm,"1,00","1,00","0,00","0,00","1,00","0,00","0,00","0,88","0,88","0,88","0,00","0,00","0,00","0,00","1,05","1,05","1,05","0,00","0,00","0,00","0,00","990,00","0,00","0,00","21,00","0,00","0,00","990,00","0,00","0,00","0,00","0,88","0,88","0,88","1,05","1,05","1,05","1,00","990,00","21,00","1,00","990,00",ESSENCE_GRAND_7_surkm,moyenne cluster,"0,00","0,00","0,00","0,00","0,00","0,00","0,00","0,00","0,00","0,00","0,00"
ESSENCE_SPORT_2_normale,ESSENCE,SPORT,"2,00",normale,"2,00","1,00","0,00","0,00","0,50","0,00","0,00","0,89","0,90","0,91","0,00","0,00","0,00","0,00","0,94","0,94","0,94","0,00","0,00","0,00","0,00","2421,00","0,00","0,00","36,00","0,00","0,00","2421,00","0,00","0,00","0,00","0,89","0,90","0,91","0,94","0,94","0,94","0,50","2421,00","36,00","1,00","2421,00",ESSENCE_SPORT_2_normale,moyenne cluster,"0,00","0,00","0,00","0,00","0,00","0,00","0,00","0,00","0,00","0,00","0,00"
ESSENCE_SPORT_2_souskm,ESSENCE,SPORT,"2,00",souskm,"0,00","0,00","0,00","0,00","0,00","0,00","0,00","0,00","0,00","0,00","0,00","0,00","0,00","0,00","0,00","0,00","0,00","0,00","0,00","0,00","0,00","0,00","0,00","0,00","0,00","0,00","0,00","0,00","0,00","0,00","0,00","0,84","0,90","0,93","0,94","0,97","1,00","0,51","857,06","36,12","594,00","509092,00",ESSENCE_PETIT_27_normale,moyenne cluster reference,"0,00","0,00","0,00","0,00","0,00","0,00","0,00","0,00","0,00","0,00","0,00"
ESSENCE_SPORT_2_surkm,ESSENCE,SPORT,"2,00",surkm,"0,00","0,00","0,00","0,00","0,00","0,00","0,00","0,00","0,00","0,00","0,00","0,00","0,00","0,00","0,00","0,00","0,00","0,00","0,00","0,00","0,00","0,00","0,00","0,00","0,00","0,00","0,00","0,00","0,00","0,00","0,00","0,84","0,90","0,93","0,94","0,97","1,00","0,51","857,06","36,12","594,00","509092,00",ESSENCE_PETIT_27_normale,moyenne cluster reference,"0,00","0,00","0,00","0,00","0,00","0,00","0,00","0,00","0,00","0,00","0,00"
ESSENCE_SPORT_27_normale,ESSENCE,SPORT,"27,00",normale,"29,00","14,00","19,33","5,33","0,48","0,67","0,19","0,85","0,89","0,92","0,85","0,87","0,90","-0,02","0,91","0,94","0,97","0,91","0,92","0,95","-0,02","1187,29","1533,33","346,04","52,71","30,67","-22,05","16622,00","29644,44","13022,44","9,00","0,85","0,89","0,92","0,91","0,94","0,97","0,48","1187,29","52,71","14,00","16622,00",ESSENCE_SPORT_27_normale,moyenne cluster,"0,00","0,00","0,00","0,00","0,00","0,00","0,00","0,00","0,00","0,00","0,00"
ESSENCE_SPORT_27_souskm,ESSENCE,SPORT,"27,00",souskm,"1,00","0,00","0,00","0,00","0,00","0,00","0,00","0,00","0,00","0,00","0,00","0,00","0,00","0,00","0,00","0,00","0,00","0,00","0,00","0,00","0,00","0,00","0,00","0,00","0,00","0,00","0,00","0,00","0,00","0,00","0,00","0,84","0,90","0,93","0,94","0,97","1,00","0,51","857,06","36,12","594,00","509092,00",ESSENCE_PETIT_27_normale,moyenne cluster reference,"0,00","0,00","0,00","0,00","0,00","0,00","0,00","0,00","0,00","0,00","0,00"
ESSENCE_SPORT_27_surkm,ESSENCE,SPORT,"27,00",surkm,"0,00","0,00","0,00","0,00","0,00","0,00","0,00","0,00","0,00","0,00","0,00","0,00","0,00","0,00","0,00","0,00","0,00","0,00","0,00","0,00","0,00","0,00","0,00","0,00","0,00","0,00","0,00","0,00","0,00","0,00","0,00","0,84","0,90","0,93","0,94","0,97","1,00","0,51","857,06","36,12","594,00","509092,00",ESSENCE_PETIT_27_normale,moyenne cluster reference,"0,00","0,00","0,00","0,00","0,00","0,00","0,00","0,00","0,00","0,00","0,00"
ESSENCE_SPORT_7_normale,ESSENCE,SPORT,"7,00",normale,"37,00","19,00","27,75","8,75","0,51","0,75","0,24","0,84","0,89","0,95","0,85","0,88","0,90","0,00","0,92","0,96","1,00","0,93","0,96","1,00","0,01","915,63","1005,67","90,04","32,37","28,17","-4,20","17397,00","27907,25","10510,25","8,00","0,84","0,89","0,95","0,92","0,96","1,00","0,51","915,63","32,37","19,00","17397,00",ESSENCE_SPORT_7_normale,moyenne cluster,"0,00","0,00","0,00","0,00","0,00","0,00","0,00","0,00","0,00","0,00","0,00"
ESSENCE_SPORT_7_souskm,ESSENCE,SPORT,"7,00",souskm,"2,00","1,00","0,00","0,00","0,50","0,00","0,00","0,75","0,79","0,82","0,00","0,00","0,00","0,00","0,93","0,93","0,93","0,00","0,00","0,00","0,00","890,00","0,00","0,00","23,00","0,00","0,00","890,00","0,00","0,00","0,00","0,84","0,90","0,93","0,94","0,97","1,00","0,51","857,06","36,12","594,00","509092,00",ESSENCE_PETIT_27_normale,moyenne cluster reference,"0,09","0,11","0,11","0,01","0,04","0,07","0,01","-32,94","13,12","593,00","508202,00"
ESSENCE_SPORT_7_surkm,ESSENCE,SPORT,"7,00",surkm,"0,00","0,00","0,00","0,00","0,00","0,00","0,00","0,00","0,00","0,00","0,00","0,00","0,00","0,00","0,00","0,00","0,00","0,00","0,00","0,00","0,00","0,00","0,00","0,00","0,00","0,00","0,00","0,00","0,00","0,00","0,00","0,84","0,90","0,93","0,94","0,97","1,00","0,51","857,06","36,12","594,00","509092,00",ESSENCE_PETIT_27_normale,moyenne cluster reference,"0,00","0,00","0,00","0,00","0,00","0,00","0,00","0,00","0,00","0,00","0,00"
ELECTRIQUE_PETIT_2_normale,ELECTRIQUE,PETIT,"2,00",normale,"20,00","8,00","20,00","12,00","0,40","1,00","0,60","0,82","0,88","0,89","0,90","0,92","0,95","0,04","0,93","0,94","0,96","0,94","0,94","0,95","0,00","1106,38","1232,50","126,13","36,75","33,00","-3,75","8851,00","24650,00","15799,00","2,00","0,82","0,88","0,89","0,93","0,94","0,96","0,40","1106,38","36,75","8,00","8851,00",ELECTRIQUE_PETIT_2_normale,moyenne cluster,"0,00","0,00","0,00","0,00","0,00","0,00","0,00","0,00","0,00","0,00","0,00"
ELECTRIQUE_PETIT_2_souskm,ELECTRIQUE,PETIT,"2,00",souskm,"1,00","1,00","0,00","0,00","1,00","0,00","0,00","0,77","0,77","0,77","0,00","0,00","0,00","0,00","1,17","1,17","1,17","0,00","0,00","0,00","0,00","590,00","0,00","0,00","119,00","0,00","0,00","590,00","0,00","0,00","0,00","0,82","0,87","0,92","0,93","0,97","0,99","0,41","1117,07","39,36","14,00","15639,00",ELECTRIQUE,moyenne cluster reference,"0,05","0,10","0,15","-0,25","-0,20","-0,18","-0,59","527,07","-79,64","13,00","15049,00"
ELECTRIQUE_PETIT_2_surkm,ELECTRIQUE,PETIT,"2,00",surkm,"0,00","0,00","0,00","0,00","0,00","0,00","0,00","0,00","0,00","0,00","0,00","0,00","0,00","0,00","0,00","0,00","0,00","0,00","0,00","0,00","0,00","0,00","0,00","0,00","0,00","0,00","0,00","0,00","0,00","0,00","0,00","0,82","0,87","0,92","0,93","0,97","0,99","0,41","1117,07","39,36","14,00","15639,00",ELECTRIQUE,moyenne cluster reference,"0,00","0,00","0,00","0,00","0,00","0,00","0,00","0,00","0,00","0,00","0,00"
ELECTRIQUE_PETIT_27_normale,ELECTRIQUE,PETIT,"27,00",normale,"6,00","1,00","0,00","0,00","0,17","0,00","0,00","0,83","0,87","0,91","0,00","0,00","0,00","0,00","0,92","0,92","0,92","0,00","0,00","0,00","0,00","1090,00","0,00","0,00","43,00","0,00","0,00","1090,00","0,00","0,00","0,00","0,83","0,87","0,91","0,92","0,92","0,92","0,17","1090,00","43,00","1,00","1090,00",ELECTRIQUE_PETIT_27_normale,moyenne cluster,"0,00","0,00","0,00","0,00","0,00","0,00","0,00","0,00","0,00","0,00","0,00"
ELECTRIQUE_PETIT_27_souskm,ELECTRIQUE,PETIT,"27,00",souskm,"1,00","0,00","0,00","0,00","0,00","0,00","0,00","0,00","0,00","0,00","0,00","0,00","0,00","0,00","0,00","0,00","0,00","0,00","0,00","0,00","0,00","0,00","0,00","0,00","0,00","0,00","0,00","0,00","0,00","0,00","0,00","0,82","0,87","0,92","0,93","0,97","0,99","0,41","1117,07","39,36","14,00","15639,00",ELECTRIQUE,moyenne cluster reference,"0,00","0,00","0,00","0,00","0,00","0,00","0,00","0,00","0,00","0,00","0,00"
ELECTRIQUE_PETIT_27_surkm,ELECTRIQUE,PETIT,"27,00",surkm,"0,00","0,00","0,00","0,00","0,00","0,00","0,00","0,00","0,00","0,00","0,00","0,00","0,00","0,00","0,00","0,00","0,00","0,00","0,00","0,00","0,00","0,00","0,00","0,00","0,00","0,00","0,00","0,00","0,00","0,00","0,00","0,82","0,87","0,92","0,93","0,97","0,99","0,41","1117,07","39,36","14,00","15639,00",ELECTRIQUE,moyenne cluster reference,"0,00","0,00","0,00","0,00","0,00","0,00","0,00","0,00","0,00","0,00","0,00"
ELECTRIQUE_PETIT_7_normale,ELECTRIQUE,PETIT,"7,00",normale,"2,00","1,00","0,00","0,00","0,50","0,00","0,00","0,65","0,71","0,77","0,00","0,00","0,00","0,00","0,88","0,88","0,88","0,00","0,00","0,00","0,00","690,00","0,00","0,00","51,00","0,00","0,00","690,00","0,00","0,00","0,00","0,82","0,87","0,92","0,93","0,97","0,99","0,41","1117,07","39,36","14,00","15639,00",ELECTRIQUE,moyenne cluster reference,"0,17","0,16","0,15","0,05","0,09","0,12","-0,09","427,07","-11,64","13,00","14949,00"
ELECTRIQUE_PETIT_7_souskm,ELECTRIQUE,PETIT,"7,00",souskm,"0,00","0,00","0,00","0,00","0,00","0,00","0,00","0,00","0,00","0,00","0,00","0,00","0,00","0,00","0,00","0,00","0,00","0,00","0,00","0,00","0,00","0,00","0,00","0,00","0,00","0,00","0,00","0,00","0,00","0,00","0,00","0,82","0,87","0,92","0,93","0,97","0,99","0,41","1117,07","39,36","14,00","15639,00",ELECTRIQUE,moyenne cluster reference,"0,00","0,00","0,00","0,00","0,00","0,00","0,00","0,00","0,00","0,00","0,00"
ELECTRIQUE_PETIT_7_surkm,ELECTRIQUE,PETIT,"7,00",surkm,"0,00","0,00","0,00","0,00","0,00","0,00","0,00","0,00","0,00","0,00","0,00","0,00","0,00","0,00","0,00","0,00","0,00","0,00","0,00","0,00","0,00","0,00","0,00","0,00","0,00","0,00","0,00","0,00","0,00","0,00","0,00","0,82","0,87","0,92","0,93","0,97","0,99","0,41","1117,07","39,36","14,00","15639,00",ELECTRIQUE,moyenne cluster reference,"0,00","0,00","0,00","0,00","0,00","0,00","0,00","0,00","0,00","0,00","0,00"
ELECTRIQUE_GRAND_2_normale,ELECTRIQUE,GRAND,"2,00",normale,"3,00","2,00","0,00","0,00","0,67","0,00","0,00","0,95","0,96","0,97","0,00","0,00","0,00","0,00","1,03","1,06","1,10","0,00","0,00","0,00","0,00","1714,00","0,00","0,00","17,50","0,00","0,00","3428,00","0,00","0,00","0,00","0,82","0,87","0,92","0,93","0,97","0,99","0,41","1117,07","39,36","14,00","15639,00",ELECTRIQUE,moyenne cluster reference,"-0,13","-0,09","-0,04","-0,10","-0,09","-0,11","-0,25","-596,93","21,86","12,00","12211,00"
ELECTRIQUE_GRAND_2_souskm,ELECTRIQUE,GRAND,"2,00",souskm,"0,00","0,00","0,00","0,00","0,00","0,00","0,00","0,00","0,00","0,00","0,00","0,00","0,00","0,00","0,00","0,00","0,00","0,00","0,00","0,00","0,00","0,00","0,00","0,00","0,00","0,00","0,00","0,00","0,00","0,00","0,00","0,82","0,87","0,92","0,93","0,97","0,99","0,41","1117,07","39,36","14,00","15639,00",ELECTRIQUE,moyenne cluster reference,"0,00","0,00","0,00","0,00","0,00","0,00","0,00","0,00","0,00","0,00","0,00"
ELECTRIQUE_GRAND_2_surkm,ELECTRIQUE,GRAND,"2,00",surkm,"0,00","0,00","0,00","0,00","0,00","0,00","0,00","0,00","0,00","0,00","0,00","0,00","0,00","0,00","0,00","0,00","0,00","0,00","0,00","0,00","0,00","0,00","0,00","0,00","0,00","0,00","0,00","0,00","0,00","0,00","0,00","0,82","0,87","0,92","0,93","0,97","0,99","0,41","1117,07","39,36","14,00","15639,00",ELECTRIQUE,moyenne cluster reference,"0,00","0,00","0,00","0,00","0,00","0,00","0,00","0,00","0,00","0,00","0,00"
ELECTRIQUE_GRAND_27_normale,ELECTRIQUE,GRAND,"27,00",normale,"1,00","1,00","0,00","0,00","1,00","0,00","0,00","0,00","0,00","0,00","0,00","0,00","0,00","0,00","0,00","0,00","0,00","0,00","0,00","0,00","0,00","990,00","0,00","0,00","9,00","0,00","0,00","990,00","0,00","0,00","0,00","0,82","0,87","0,92","0,93","0,97","0,99","0,41","1117,07","39,36","14,00","15639,00",ELECTRIQUE,moyenne cluster reference,"0,00","0,00","0,00","0,00","0,00","0,00","-0,59","127,07","30,36","13,00","14649,00"
ELECTRIQUE_GRAND_27_souskm,ELECTRIQUE,GRAND,"27,00",souskm,"0,00","0,00","0,00","0,00","0,00","0,00","0,00","0,00","0,00","0,00","0,00","0,00","0,00","0,00","0,00","0,00","0,00","0,00","0,00","0,00","0,00","0,00","0,00","0,00","0,00","0,00","0,00","0,00","0,00","0,00","0,00","0,82","0,87","0,92","0,93","0,97","0,99","0,41","1117,07","39,36","14,00","15639,00",ELECTRIQUE,moyenne cluster reference,"0,00","0,00","0,00","0,00","0,00","0,00","0,00","0,00","0,00","0,00","0,00"
ELECTRIQUE_GRAND_27_surkm,ELECTRIQUE,GRAND,"27,00",surkm,"0,00","0,00","0,00","0,00","0,00","0,00","0,00","0,00","0,00","0,00","0,00","0,00","0,00","0,00","0,00","0,00","0,00","0,00","0,00","0,00","0,00","0,00","0,00","0,00","0,00","0,00","0,00","0,00","0,00","0,00","0,00","0,82","0,87","0,92","0,93","0,97","0,99","0,41","1117,07","39,36","14,00","15639,00",ELECTRIQUE,moyenne cluster reference,"0,00","0,00","0,00","0,00","0,00","0,00","0,00","0,00","0,00","0,00","0,00"
ELECTRIQUE_GRAND_7_normale,ELECTRIQUE,GRAND,"7,00",normale,"0,00","0,00","0,00","0,00","0,00","0,00","0,00","0,00","0,00","0,00","0,00","0,00","0,00","0,00","0,00","0,00","0,00","0,00","0,00","0,00","0,00","0,00","0,00","0,00","0,00","0,00","0,00","0,00","0,00","0,00","0,00","0,82","0,87","0,92","0,93","0,97","0,99","0,41","1117,07","39,36","14,00","15639,00",ELECTRIQUE,moyenne cluster reference,"0,00","0,00","0,00","0,00","0,00","0,00","0,00","0,00","0,00","0,00","0,00"
ELECTRIQUE_GRAND_7_souskm,ELECTRIQUE,GRAND,"7,00",souskm,"0,00","0,00","0,00","0,00","0,00","0,00","0,00","0,00","0,00","0,00","0,00","0,00","0,00","0,00","0,00","0,00","0,00","0,00","0,00","0,00","0,00","0,00","0,00","0,00","0,00","0,00","0,00","0,00","0,00","0,00","0,00","0,82","0,87","0,92","0,93","0,97","0,99","0,41","1117,07","39,36","14,00","15639,00",ELECTRIQUE,moyenne cluster reference,"0,00","0,00","0,00","0,00","0,00","0,00","0,00","0,00","0,00","0,00","0,00"
ELECTRIQUE_GRAND_7_surkm,ELECTRIQUE,GRAND,"7,00",surkm,"0,00","0,00","0,00","0,00","0,00","0,00","0,00","0,00","0,00","0,00","0,00","0,00","0,00","0,00","0,00","0,00","0,00","0,00","0,00","0,00","0,00","0,00","0,00","0,00","0,00","0,00","0,00","0,00","0,00","0,00","0,00","0,82","0,87","0,92","0,93","0,97","0,99","0,41","1117,07","39,36","14,00","15639,00",ELECTRIQUE,moyenne cluster reference,"0,00","0,00","0,00","0,00","0,00","0,00","0,00","0,00","0,00","0,00","0,00"
ELECTRIQUE_SPORT_2_normale,ELECTRIQUE,SPORT,"2,00",normale,"0,00","0,00","0,00","0,00","0,00","0,00","0,00","0,00","0,00","0,00","0,00","0,00","0,00","0,00","0,00","0,00","0,00","0,00","0,00","0,00","0,00","0,00","0,00","0,00","0,00","0,00","0,00","0,00","0,00","0,00","0,00","0,82","0,87","0,92","0,93","0,97","0,99","0,41","1117,07","39,36","14,00","15639,00",ELECTRIQUE,moyenne cluster reference,"0,00","0,00","0,00","0,00","0,00","0,00","0,00","0,00","0,00","0,00","0,00"
ELECTRIQUE_SPORT_2_souskm,ELECTRIQUE,SPORT,"2,00",souskm,"0,00","0,00","0,00","0,00","0,00","0,00","0,00","0,00","0,00","0,00","0,00","0,00","0,00","0,00","0,00","0,00","0,00","0,00","0,00","0,00","0,00","0,00","0,00","0,00","0,00","0,00","0,00","0,00","0,00","0,00","0,00","0,82","0,87","0,92","0,93","0,97","0,99","0,41","1117,07","39,36","14,00","15639,00",ELECTRIQUE,moyenne cluster reference,"0,00","0,00","0,00","0,00","0,00","0,00","0,00","0,00","0,00","0,00","0,00"
ELECTRIQUE_SPORT_2_surkm,ELECTRIQUE,SPORT,"2,00",surkm,"0,00","0,00","0,00","0,00","0,00","0,00","0,00","0,00","0,00","0,00","0,00","0,00","0,00","0,00","0,00","0,00","0,00","0,00","0,00","0,00","0,00","0,00","0,00","0,00","0,00","0,00","0,00","0,00","0,00","0,00","0,00","0,82","0,87","0,92","0,93","0,97","0,99","0,41","1117,07","39,36","14,00","15639,00",ELECTRIQUE,moyenne cluster reference,"0,00","0,00","0,00","0,00","0,00","0,00","0,00","0,00","0,00","0,00","0,00"
ELECTRIQUE_SPORT_27_normale,ELECTRIQUE,SPORT,"27,00",normale,"0,00","0,00","0,00","0,00","0,00","0,00","0,00","0,00","0,00","0,00","0,00","0,00","0,00","0,00","0,00","0,00","0,00","0,00","0,00","0,00","0,00","0,00","0,00","0,00","0,00","0,00","0,00","0,00","0,00","0,00","0,00","0,82","0,87","0,92","0,93","0,97","0,99","0,41","1117,07","39,36","14,00","15639,00",ELECTRIQUE,moyenne cluster reference,"0,00","0,00","0,00","0,00","0,00","0,00","0,00","0,00","0,00","0,00","0,00"
ELECTRIQUE_SPORT_27_souskm,ELECTRIQUE,SPORT,"27,00",souskm,"0,00","0,00","0,00","0,00","0,00","0,00","0,00","0,00","0,00","0,00","0,00","0,00","0,00","0,00","0,00","0,00","0,00","0,00","0,00","0,00","0,00","0,00","0,00","0,00","0,00","0,00","0,00","0,00","0,00","0,00","0,00","0,82","0,87","0,92","0,93","0,97","0,99","0,41","1117,07","39,36","14,00","15639,00",ELECTRIQUE,moyenne cluster reference,"0,00","0,00","0,00","0,00","0,00","0,00","0,00","0,00","0,00","0,00","0,00"
ELECTRIQUE_SPORT_27_surkm,ELECTRIQUE,SPORT,"27,00",surkm,"0,00","0,00","0,00","0,00","0,00","0,00","0,00","0,00","0,00","0,00","0,00","0,00","0,00","0,00","0,00","0,00","0,00","0,00","0,00","0,00","0,00","0,00","0,00","0,00","0,00","0,00","0,00","0,00","0,00","0,00","0,00","0,82","0,87","0,92","0,93","0,97","0,99","0,41","1117,07","39,36","14,00","15639,00",ELECTRIQUE,moyenne cluster reference,"0,00","0,00","0,00","0,00","0,00","0,00","0,00","0,00","0,00","0,00","0,00"
ELECTRIQUE_SPORT_7_normale,ELECTRIQUE,SPORT,"7,00",normale,"0,00","0,00","0,00","0,00","0,00","0,00","0,00","0,00","0,00","0,00","0,00","0,00","0,00","0,00","0,00","0,00","0,00","0,00","0,00","0,00","0,00","0,00","0,00","0,00","0,00","0,00","0,00","0,00","0,00","0,00","0,00","0,82","0,87","0,92","0,93","0,97","0,99","0,41","1117,07","39,36","14,00","15639,00",ELECTRIQUE,moyenne cluster reference,"0,00","0,00","0,00","0,00","0,00","0,00","0,00","0,00","0,00","0,00","0,00"
ELECTRIQUE_SPORT_7_souskm,ELECTRIQUE,SPORT,"7,00",souskm,"0,00","0,00","0,00","0,00","0,00","0,00","0,00","0,00","0,00","0,00","0,00","0,00","0,00","0,00","0,00","0,00","0,00","0,00","0,00","0,00","0,00","0,00","0,00","0,00","0,00","0,00","0,00","0,00","0,00","0,00","0,00","0,82","0,87","0,92","0,93","0,97","0,99","0,41","1117,07","39,36","14,00","15639,00",ELECTRIQUE,moyenne cluster reference,"0,00","0,00","0,00","0,00","0,00","0,00","0,00","0,00","0,00","0,00","0,00"
ELECTRIQUE_SPORT_7_surkm,ELECTRIQUE,SPORT,"7,00",surkm,"0,00","0,00","0,00","0,00","0,00","0,00","0,00","0,00","0,00","0,00","0,00","0,00","0,00","0,00","0,00","0,00","0,00","0,00","0,00","0,00","0,00","0,00","0,00","0,00","0,00","0,00","0,00","0,00","0,00","0,00","0,00","0,82","0,87","0,92","0,93","0,97","0,99","0,41","1117,07","39,36","14,00","15639,00",ELECTRIQUE,moyenne cluster reference,"0,00","0,00","0,00","0,00","0,00","0,00","0,00","0,00","0,00","0,00","0,00"
HYBRIDE_PETIT_2_normale,HYBRIDE,PETIT,"2,00",normale,"34,00","16,00","28,33","12,33","0,47","0,83","0,36","0,87","0,90","0,93","0,80","0,83","0,85","-0,07","0,93","0,94","0,96","0,94","0,96","0,98","0,01","1073,69","994,00","-79,69","34,25","41,60","7,35","17179,00","28163,33","10984,33","6,00","0,87","0,90","0,93","0,93","0,94","0,96","0,47","1073,69","34,25","16,00","17179,00",HYBRIDE_PETIT_2_normale,moyenne cluster,"0,00","0,00","0,00","0,00","0,00","0,00","0,00","0,00","0,00","0,00","0,00"
HYBRIDE_PETIT_2_souskm,HYBRIDE,PETIT,"2,00",souskm,"1,00","0,00","0,00","0,00","0,00","0,00","0,00","0,00","0,00","0,00","0,00","0,00","0,00","0,00","0,00","0,00","0,00","0,00","0,00","0,00","0,00","0,00","0,00","0,00","0,00","0,00","0,00","0,00","0,00","0,00","0,00","0,86","0,90","0,92","0,92","0,95","0,96","0,71","992,32","24,92","53,00","52593,00",HYBRIDE_PETIT_27_normale,moyenne cluster reference,"0,00","0,00","0,00","0,00","0,00","0,00","0,00","0,00","0,00","0,00","0,00"
HYBRIDE_PETIT_2_surkm,HYBRIDE,PETIT,"2,00",surkm,"0,00","0,00","0,00","0,00","0,00","0,00","0,00","0,00","0,00","0,00","0,00","0,00","0,00","0,00","0,00","0,00","0,00","0,00","0,00","0,00","0,00","0,00","0,00","0,00","0,00","0,00","0,00","0,00","0,00","0,00","0,00","0,86","0,90","0,92","0,92","0,95","0,96","0,71","992,32","24,92","53,00","52593,00",HYBRIDE_PETIT_27_normale,moyenne cluster reference,"0,00","0,00","0,00","0,00","0,00","0,00","0,00","0,00","0,00","0,00","0,00"
HYBRIDE_PETIT_27_normale,HYBRIDE,PETIT,"27,00",normale,"75,00","53,00","56,25","3,25","0,71","0,75","0,04","0,86","0,90","0,92","0,90","0,92","0,95","0,02","0,92","0,95","0,96","0,92","0,95","0,96","-0,01","992,32","1006,00","13,68","24,92","22,89","-2,04","52593,00","56587,50","3994,50","24,00","0,86","0,90","0,92","0,92","0,95","0,96","0,71","992,32","24,92","53,00","52593,00",HYBRIDE_PETIT_27_normale,moyenne cluster,"0,00","0,00","0,00","0,00","0,00","0,00","0,00","0,00","0,00","0,00","0,00"
HYBRIDE_PETIT_27_souskm,HYBRIDE,PETIT,"27,00",souskm,"4,00","1,00","0,00","0,00","0,25","0,00","0,00","0,80","0,86","0,91","0,00","0,00","0,00","0,00","0,91","0,91","0,91","0,00","0,00","0,00","0,00","790,00","0,00","0,00","15,00","0,00","0,00","790,00","0,00","0,00","0,00","0,86","0,90","0,92","0,92","0,95","0,96","0,71","992,32","24,92","53,00","52593,00",HYBRIDE_PETIT_27_normale,moyenne cluster reference,"0,07","0,04","0,02","0,01","0,04","0,05","0,46","202,32","9,92","52,00","51803,00"
HYBRIDE_PETIT_27_surkm,HYBRIDE,PETIT,"27,00",surkm,"1,00","0,00","0,00","0,00","0,00","0,00","0,00","0,00","0,00","0,00","0,00","0,00","0,00","0,00","0,00","0,00","0,00","0,00","0,00","0,00","0,00","0,00","0,00","0,00","0,00","0,00","0,00","0,00","0,00","0,00","0,00","0,86","0,90","0,92","0,92","0,95","0,96","0,71","992,32","24,92","53,00","52593,00",HYBRIDE_PETIT_27_normale,moyenne cluster reference,"0,00","0,00","0,00","0,00","0,00","0,00","0,00","0,00","0,00","0,00","0,00"
HYBRIDE_PETIT_7_normale,HYBRIDE,PETIT,"7,00",normale,"47,00","32,00","47,00","15,00","0,68","1,00","0,32","0,81","0,86","0,90","0,75","0,79","0,80","-0,07","0,93","0,95","0,98","0,84","0,92","0,96","-0,03","807,22","750,00","-57,22","25,13","28,80","3,68","25831,00","35250,00","9419,00","5,00","0,81","0,86","0,90","0,93","0,95","0,98","0,68","807,22","25,13","32,00","25831,00",HYBRIDE_PETIT_7_normale,moyenne cluster,"0,00","0,00","0,00","0,00","0,00","0,00","0,00","0,00","0,00","0,00","0,00"
HYBRIDE_PETIT_7_souskm,HYBRIDE,PETIT,"7,00",souskm,"1,00","0,00","0,00","0,00","0,00","0,00","0,00","0,00","0,00","0,00","0,00","0,00","0,00","0,00","0,00","0,00","0,00","0,00","0,00","0,00","0,00","0,00","0,00","0,00","0,00","0,00","0,00","0,00","0,00","0,00","0,00","0,86","0,90","0,92","0,92","0,95","0,96","0,71","992,32","24,92","53,00","52593,00",HYBRIDE_PETIT_27_normale,moyenne cluster reference,"0,00","0,00","0,00","0,00","0,00","0,00","0,00","0,00","0,00","0,00","0,00"
HYBRIDE_PETIT_7_surkm,HYBRIDE,PETIT,"7,00",surkm,"3,00","3,00","0,00","0,00","1,00","0,00","0,00","0,87","0,90","0,92","0,00","0,00","0,00","0,00","0,92","0,95","0,98","0,00","0,00","0,00","0,00","823,33","0,00","0,00","13,67","0,00","0,00","2470,00","0,00","0,00","0,00","0,87","0,90","0,92","0,92","0,95","0,98","1,00","823,33","13,67","3,00","2470,00",HYBRIDE_PETIT_7_surkm,moyenne cluster,"0,00","0,00","0,00","0,00","0,00","0,00","0,00","0,00","0,00","0,00","0,00"
HYBRIDE_GRAND_2_normale,HYBRIDE,GRAND,"2,00",normale,"1,00","0,00","0,00","0,00","0,00","0,00","0,00","0,00","0,00","0,00","0,00","0,00","0,00","0,00","0,00","0,00","0,00","0,00","0,00","0,00","0,00","0,00","0,00","0,00","0,00","0,00","0,00","0,00","0,00","0,00","0,00","0,86","0,90","0,92","0,92","0,95","0,96","0,71","992,32","24,92","53,00","52593,00",HYBRIDE_PETIT_27_normale,moyenne cluster reference,"0,00","0,00","0,00","0,00","0,00","0,00","0,00","0,00","0,00","0,00","0,00"
HYBRIDE_GRAND_2_souskm,HYBRIDE,GRAND,"2,00",souskm,"0,00","0,00","0,00","0,00","0,00","0,00","0,00","0,00","0,00","0,00","0,00","0,00","0,00","0,00","0,00","0,00","0,00","0,00","0,00","0,00","0,00","0,00","0,00","0,00","0,00","0,00","0,00","0,00","0,00","0,00","0,00","0,86","0,90","0,92","0,92","0,95","0,96","0,71","992,32","24,92","53,00","52593,00",HYBRIDE_PETIT_27_normale,moyenne cluster reference,"0,00","0,00","0,00","0,00","0,00","0,00","0,00","0,00","0,00","0,00","0,00"
HYBRIDE_GRAND_2_surkm,HYBRIDE,GRAND,"2,00",surkm,"0,00","0,00","0,00","0,00","0,00","0,00","0,00","0,00","0,00","0,00","0,00","0,00","0,00","0,00","0,00","0,00","0,00","0,00","0,00","0,00","0,00","0,00","0,00","0,00","0,00","0,00","0,00","0,00","0,00","0,00","0,00","0,86","0,90","0,92","0,92","0,95","0,96","0,71","992,32","24,92","53,00","52593,00",HYBRIDE_PETIT_27_normale,moyenne cluster reference,"0,00","0,00","0,00","0,00","0,00","0,00","0,00","0,00","0,00","0,00","0,00"
HYBRIDE_GRAND_27_normale,HYBRIDE,GRAND,"27,00",normale,"20,00","13,00","16,67","3,67","0,65","0,83","0,18","0,86","0,89","0,91","0,85","0,87","0,90","-0,02","0,94","0,97","0,99","0,95","0,96","0,98","0,00","1287,23","1253,20","-34,03","43,54","36,40","-7,14","16734,00","20886,67","4152,67","6,00","0,86","0,89","0,91","0,94","0,97","0,99","0,65","1287,23","43,54","13,00","16734,00",HYBRIDE_GRAND_27_normale,moyenne cluster,"0,00","0,00","0,00","0,00","0,00","0,00","0,00","0,00","0,00","0,00","0,00"
HYBRIDE_GRAND_27_souskm,HYBRIDE,GRAND,"27,00",souskm,"0,00","0,00","0,00","0,00","0,00","0,00","0,00","0,00","0,00","0,00","0,00","0,00","0,00","0,00","0,00","0,00","0,00","0,00","0,00","0,00","0,00","0,00","0,00","0,00","0,00","0,00","0,00","0,00","0,00","0,00","0,00","0,86","0,90","0,92","0,92","0,95","0,96","0,71","992,32","24,92","53,00","52593,00",HYBRIDE_PETIT_27_normale,moyenne cluster reference,"0,00","0,00","0,00","0,00","0,00","0,00","0,00","0,00","0,00","0,00","0,00"
HYBRIDE_GRAND_27_surkm,HYBRIDE,GRAND,"27,00",surkm,"0,00","0,00","0,00","0,00","0,00","0,00","0,00","0,00","0,00","0,00","0,00","0,00","0,00","0,00","0,00","0,00","0,00","0,00","0,00","0,00","0,00","0,00","0,00","0,00","0,00","0,00","0,00","0,00","0,00","0,00","0,00","0,86","0,90","0,92","0,92","0,95","0,96","0,71","992,32","24,92","53,00","52593,00",HYBRIDE_PETIT_27_normale,moyenne cluster reference,"0,00","0,00","0,00","0,00","0,00","0,00","0,00","0,00","0,00","0,00","0,00"
HYBRIDE_GRAND_7_normale,HYBRIDE,GRAND,"7,00",normale,"17,00","9,00","8,50","-0,50","0,53","0,50","-0,03","0,87","0,91","0,96","0,85","0,87","0,90","-0,04","0,95","0,97","0,98","0,89","0,90","0,91","-0,07","932,00","890,00","-42,00","48,56","13,50","-35,06","8388,00","7565,00","-823,00","4,00","0,87","0,91","0,96","0,95","0,97","0,98","0,53","932,00","48,56","9,00","8388,00",HYBRIDE_GRAND_7_normale,moyenne cluster,"0,00","0,00","0,00","0,00","0,00","0,00","0,00","0,00","0,00","0,00","0,00"
HYBRIDE_GRAND_7_souskm,HYBRIDE,GRAND,"7,00",souskm,"0,00","0,00","0,00","0,00","0,00","0,00","0,00","0,00","0,00","0,00","0,00","0,00","0,00","0,00","0,00","0,00","0,00","0,00","0,00","0,00","0,00","0,00","0,00","0,00","0,00","0,00","0,00","0,00","0,00","0,00","0,00","0,86","0,90","0,92","0,92","0,95","0,96","0,71","992,32","24,92","53,00","52593,00",HYBRIDE_PETIT_27_normale,moyenne cluster reference,"0,00","0,00","0,00","0,00","0,00","0,00","0,00","0,00","0,00","0,00","0,00"
HYBRIDE_GRAND_7_surkm,HYBRIDE,GRAND,"7,00",surkm,"0,00","0,00","0,00","0,00","0,00","0,00","0,00","0,00","0,00","0,00","0,00","0,00","0,00","0,00","0,00","0,00","0,00","0,00","0,00","0,00","0,00","0,00","0,00","0,00","0,00","0,00","0,00","0,00","0,00","0,00","0,00","0,86","0,90","0,92","0,92","0,95","0,96","0,71","992,32","24,92","53,00","52593,00",HYBRIDE_PETIT_27_normale,moyenne cluster reference,"0,00","0,00","0,00","0,00","0,00","0,00","0,00","0,00","0,00","0,00","0,00"
HYBRIDE_SPORT_2_normale,HYBRIDE,SPORT,"2,00",normale,"0,00","0,00","0,00","0,00","0,00","0,00","0,00","0,00","0,00","0,00","0,00","0,00","0,00","0,00","0,00","0,00","0,00","0,00","0,00","0,00","0,00","0,00","0,00","0,00","0,00","0,00","0,00","0,00","0,00","0,00","0,00","0,86","0,90","0,92","0,92","0,95","0,96","0,71","992,32","24,92","53,00","52593,00",HYBRIDE_PETIT_27_normale,moyenne cluster reference,"0,00","0,00","0,00","0,00","0,00","0,00","0,00","0,00","0,00","0,00","0,00"
HYBRIDE_SPORT_2_souskm,HYBRIDE,SPORT,"2,00",souskm,"0,00","0,00","0,00","0,00","0,00","0,00","0,00","0,00","0,00","0,00","0,00","0,00","0,00","0,00","0,00","0,00","0,00","0,00","0,00","0,00","0,00","0,00","0,00","0,00","0,00","0,00","0,00","0,00","0,00","0,00","0,00","0,86","0,90","0,92","0,92","0,95","0,96","0,71","992,32","24,92","53,00","52593,00",HYBRIDE_PETIT_27_normale,moyenne cluster reference,"0,00","0,00","0,00","0,00","0,00","0,00","0,00","0,00","0,00","0,00","0,00"
HYBRIDE_SPORT_2_surkm,HYBRIDE,SPORT,"2,00",surkm,"0,00","0,00","0,00","0,00","0,00","0,00","0,00","0,00","0,00","0,00","0,00","0,00","0,00","0,00","0,00","0,00","0,00","0,00","0,00","0,00","0,00","0,00","0,00","0,00","0,00","0,00","0,00","0,00","0,00","0,00","0,00","0,86","0,90","0,92","0,92","0,95","0,96","0,71","992,32","24,92","53,00","52593,00",HYBRIDE_PETIT_27_normale,moyenne cluster reference,"0,00","0,00","0,00","0,00","0,00","0,00","0,00","0,00","0,00","0,00","0,00"
HYBRIDE_SPORT_27_normale,HYBRIDE,SPORT,"27,00",normale,"4,00","2,00","0,00","0,00","0,50","0,00","0,00","0,83","0,88","0,91","0,00","0,00","0,00","0,00","0,93","0,95","0,96","0,00","0,00","0,00","0,00","1198,00","0,00","0,00","21,50","0,00","0,00","2396,00","0,00","0,00","0,00","0,83","0,88","0,91","0,93","0,95","0,96","0,50","1198,00","21,50","2,00","2396,00",HYBRIDE_SPORT_27_normale,moyenne cluster,"0,00","0,00","0,00","0,00","0,00","0,00","0,00","0,00","0,00","0,00","0,00"
HYBRIDE_SPORT_27_souskm,HYBRIDE,SPORT,"27,00",souskm,"0,00","0,00","0,00","0,00","0,00","0,00","0,00","0,00","0,00","0,00","0,00","0,00","0,00","0,00","0,00","0,00","0,00","0,00","0,00","0,00","0,00","0,00","0,00","0,00","0,00","0,00","0,00","0,00","0,00","0,00","0,00","0,86","0,90","0,92","0,92","0,95","0,96","0,71","992,32","24,92","53,00","52593,00",HYBRIDE_PETIT_27_normale,moyenne cluster reference,"0,00","0,00","0,00","0,00","0,00","0,00","0,00","0,00","0,00","0,00","0,00"
HYBRIDE_SPORT_27_surkm,HYBRIDE,SPORT,"27,00",surkm,"0,00","0,00","0,00","0,00","0,00","0,00","0,00","0,00","0,00","0,00","0,00","0,00","0,00","0,00","0,00","0,00","0,00","0,00","0,00","0,00","0,00","0,00","0,00","0,00","0,00","0,00","0,00","0,00","0,00","0,00","0,00","0,86","0,90","0,92","0,92","0,95","0,96","0,71","992,32","24,92","53,00","52593,00",HYBRIDE_PETIT_27_normale,moyenne cluster reference,"0,00","0,00","0,00","0,00","0,00","0,00","0,00","0,00","0,00","0,00","0,00"
HYBRIDE_SPORT_7_normale,HYBRIDE,SPORT,"7,00",normale,"0,00","0,00","0,00","0,00","0,00","0,00","0,00","0,00","0,00","0,00","0,00","0,00","0,00","0,00","0,00","0,00","0,00","0,00","0,00","0,00","0,00","0,00","0,00","0,00","0,00","0,00","0,00","0,00","0,00","0,00","0,00","0,86","0,90","0,92","0,92","0,95","0,96","0,71","992,32","24,92","53,00","52593,00",HYBRIDE_PETIT_27_normale,moyenne cluster reference,"0,00","0,00","0,00","0,00","0,00","0,00","0,00","0,00","0,00","0,00","0,00"
HYBRIDE_SPORT_7_souskm,HYBRIDE,SPORT,"7,00",souskm,"0,00","0,00","0,00","0,00","0,00","0,00","0,00","0,00","0,00","0,00","0,00","0,00","0,00","0,00","0,00","0,00","0,00","0,00","0,00","0,00","0,00","0,00","0,00","0,00","0,00","0,00","0,00","0,00","0,00","0,00","0,00","0,86","0,90","0,92","0,92","0,95","0,96","0,71","992,32","24,92","53,00","52593,00",HYBRIDE_PETIT_27_normale,moyenne cluster reference,"0,00","0,00","0,00","0,00","0,00","0,00","0,00","0,00","0,00","0,00","0,00"
HYBRIDE_SPORT_7_surkm,HYBRIDE,SPORT,"7,00",surkm,"0,00","0,00","0,00","0,00","0,00","0,00","0,00","0,00","0,00","0,00","0,00","0,00","0,00","0,00","0,00","0,00","0,00","0,00","0,00","0,00","0,00","0,00","0,00","0,00","0,00","0,00","0,00","0,00","0,00","0,00","0,00","0,86","0,90","0,92","0,92","0,95","0,96","0,71","992,32","24,92","53,00","52593,00",HYBRIDE_PETIT_27_normale,moyenne cluster reference,"0,00","0,00","0,00","0,00","0,00","0,00","0,00","0,00","0,00","0,00","0,00"
