vo_modele_id,segment_name,segment_class
1,MOYEN PETIT,PETIT
2,MOYEN PETIT,PETIT
3,MOYEN PETIT,PETIT
4,MOYEN,GRAND
5,MOYEN,GRAND
7,MOYEN GRAND,GRAND
8,SPORTIVE,SPORT
9,SPORTIVE,SPORT
10,SPORTIVE,SPORT
13,MINI MONOSPACE,PETIT
14,MOYEN PETIT,PETIT
15,MOYEN,GRAND
16,MOYEN GRAND,GRAND
17,GRAND,GRAND
18,GRAND SUV,GRAND
19,MOYEN PETIT,PETIT
20,MOYEN,GRAND
21,MOYEN GRAND,GRAND
22,SPORTIVE,SPORT
23,SPORTIVE,SPORT
24,MOYEN GRAND,GRAND
25,MOYEN PETIT,PETIT
26,MOYEN,GRAND
27,MOYEN GRAND,GRAND
28,SPORTIVE,SPORT
29,GRAND,GRAND
30,SPORTIVE,SPORT
31,SPORTIVE,SPORT
32,SPORTIVE,SPORT
33,SPORTIVE,SPORT
34,GRAND MONOSPCE,GRAND
35,MOYEN PETIT,PETIT
36,MOYEN GRAND,GRAND
37,GRAND MONOSPCE,GRAND
39,MINI,PETIT
40,MINI MONOSPACE,PETIT
42,MINI MONOSPACE,PETIT
43,PETIT,PETIT
44,PETIT,PETIT
45,MOYEN PETIT,PETIT
46,MOYEN,GRAND
47,GRAND MONOSPCE,GRAND
50,GRAND MONOSPCE,GRAND
51,GRAND MONOSPCE,GRAND
52,GRAND MONOSPCE,GRAND
53,MINI MONOSPACE,PETIT
54,PETIT,PETIT
56,MOYEN,GRAND
57,MOYEN GRAND,GRAND
58,MOYEN PETIT,PETIT
59,MOYEN PETIT,PETIT
60,MOYEN PETIT,PETIT
61,MINI,PETIT
62,MOYEN PETIT,PETIT
63,MOYEN,GRAND
64,MINI MONOSPACE,PETIT
65,MINI SUV,PETIT
66,SPORT,SPORT
67,SPORTIVE,SPORT
68,MOYEN PETIT,PETIT
69,MOYEN PETIT,PETIT
70,MINI,PETIT
71,SPORTIVE,SPORT
72,MOYEN,GRAND
73,MINI MONOSPACE,PETIT
74,GRAND MONOSPCE,GRAND
75,MINI MONOSPACE,PETIT
76,MOYEN PETIT,PETIT
77,MINI MONOSPACE,PETIT
78,PETIT,PETIT
79,MINI,PETIT
80,PETIT,PETIT
81,GRAND MONOSPCE,GRAND
82,MINI,PETIT
83,MOYEN PETIT,PETIT
84,MOYEN PETIT,PETIT
85,MOYEN PETIT,PETIT
86,GRAND MONOSPCE,GRAND
87,PETIT,PETIT
88,MINI MONOSPACE,PETIT
89,SPORTIVE,SPORT
90,MINI MONOSPACE,PETIT
91,MOYEN PETIT,PETIT
92,GRAND SUV,GRAND
93,PETIT,PETIT
94,MOYEN PETIT,PETIT
95,MINI MONOSPACE,PETIT
96,GRAND MONOSPCE,GRAND
97,MINI,PETIT
98,SPORTIVE,SPORT
99,MOYEN,GRAND
100,SPORTIVE,SPORT
102,SPORTIVE,SPORT
103,SPORTIVE,SPORT
104,MOYEN GRAND,GRAND
107,GRAND MONOSPCE,GRAND
108,MOYEN,GRAND
109,MOYEN PETIT,PETIT
110,MOYEN PETIT,PETIT
111,MOYEN PETIT,PETIT
113,MINI MONOSPACE,PETIT
114,SPORTIVE,SPORT
115,SPORTIVE,SPORT
116,MOYEN PETIT,PETIT
117,MINI,PETIT
118,SPORTIVE,SPORT
119,MOYEN,GRAND
120,MINI SUV,PETIT
121,PETIT,PETIT
122,MINI MONOSPACE,PETIT
123,PETIT,PETIT
124,GRAND SUV,GRAND
126,GRAND SUV,GRAND
127,MINI MONOSPACE,PETIT
128,MINI SUV,PETIT
129,MINI SUV,PETIT
130,GRAND MONOSPCE,GRAND
132,LUXE,SPORT
134,GRAND,GRAND
135,GRAND,GRAND
136,SPORTIVE,SPORT
137,SPORTIVE,SPORT
138,GRAND SUV,GRAND
139,GRAND SUV,GRAND
140,MINI MONOSPACE,PETIT
141,GRAND MONOSPCE,GRAND
142,MINI,PETIT
143,GRAND SUV,GRAND
144,MINI SUV,PETIT
145,MINI SUV,PETIT
146,MOYEN PETIT,PETIT
147,MOYEN GRAND,GRAND
148,MOYEN,GRAND
149,MINI MONOSPACE,PETIT
150,GRAND MONOSPCE,GRAND
151,PETIT,PETIT
152,PETIT,PETIT
153,GRAND SUV,GRAND
154,GRAND SUV,GRAND
155,MINI SUV,PETIT
156,GRAND SUV,GRAND
157,GRAND SUV,GRAND
159,MOYEN PETIT,PETIT
160,MOYEN,GRAND
161,MOYEN PETIT,PETIT
162,SPORTIVE,SPORT
163,SPORTIVE,SPORT
164,SPORTIVE,SPORT
165,MINI MONOSPACE,PETIT
166,SPORTIVE,SPORT
168,MOYEN PETIT,PETIT
169,MINI MONOSPACE,PETIT
170,MOYEN,GRAND
171,GRAND,GRAND
172,MOYEN,GRAND
173,MOYEN GRAND,GRAND
174,MOYEN GRAND,GRAND
175,GRAND SUV,GRAND
176,GRAND SUV,GRAND
178,GRAND,GRAND
179,SPORT,SPORT
180,SPORTIVE,SPORT
181,GRAND MONOSPCE,GRAND
182,GRAND MONOSPCE,GRAND
183,MINI MONOSPACE,PETIT
184,GRAND MONOSPCE,GRAND
185,PETIT,PETIT
187,PETIT,PETIT
188,SPORTIVE,SPORT
189,MOYEN,GRAND
190,MOYEN PETIT,PETIT
191,GRAND SUV,GRAND
192,MOYEN,GRAND
194,GRAND SUV,GRAND
195,PETIT,PETIT
195,MINI MONOSPACE,PETIT
196,SPORTIVE,SPORT
197,MOYEN PETIT,PETIT
198,PETIT,PETIT
199,GRAND SUV,GRAND
200,GRAND SUV,GRAND
201,GRAND SUV,GRAND
202,MOYEN,GRAND
203,MINI MONOSPACE,PETIT
204,MOYEN PETIT,PETIT
205,GRAND SUV,GRAND
207,MINI SUV,PETIT
208,MINI,PETIT
209,MOYEN PETIT,PETIT
210,SPORTIVE,SPORT
211,MINI MONOSPACE,PETIT
212,PETIT,PETIT
213,GRAND SUV,GRAND
215,MINI MONOSPACE,PETIT
216,GRAND MONOSPCE,GRAND
217,MOYEN GRAND,GRAND
218,MOYEN,GRAND
219,PETIT,PETIT
220,MOYEN,GRAND
221,GRAND MONOSPCE,GRAND
222,MINI MONOSPACE,PETIT
224,MINI,PETIT
225,MINI,PETIT
226,PETIT,PETIT
227,PETIT,PETIT
229,MOYEN PETIT,PETIT
230,MOYEN PETIT,PETIT
233,MOYEN,GRAND
234,MOYEN,GRAND
236,MOYEN GRAND,GRAND
237,MOYEN GRAND,GRAND
238,GRAND MONOSPCE,GRAND
239,GRAND MONOSPCE,GRAND
240,MINI MONOSPACE,PETIT
241,GRAND MONOSPCE,GRAND
242,GRAND MONOSPCE,GRAND
243,MINI MONOSPACE,PETIT
244,SPORT,SPORT
247,SPORT,SPORT
248,GRAND SUV,GRAND
249,MINI MONOSPACE,PETIT
250,PETIT,PETIT
251,GRAND MONOSPCE,GRAND
252,MINI MONOSPACE,PETIT
253,MINI MONOSPACE,PETIT
254,MOYEN,GRAND
255,GRAND MONOSPCE,GRAND
256,MOYEN PETIT,PETIT
257,MINI MONOSPACE,PETIT
265,MOYEN GRAND,GRAND
266,MINI MONOSPACE,PETIT
268,GRAND MONOSPCE,GRAND
269,MINI,PETIT
270,MOYEN GRAND,GRAND
271,PETIT,PETIT
272,MOYEN,GRAND
273,MOYEN GRAND,GRAND
281,MINI,PETIT
283,MOYEN,GRAND
284,MOYEN,GRAND
285,MOYEN GRAND,GRAND
286,GRAND MONOSPCE,GRAND
287,MINI MONOSPACE,PETIT
288,MINI,PETIT
289,PETIT,PETIT
290,PETIT,PETIT
291,MOYEN PETIT,PETIT
292,MINI,PETIT
293,MOYEN PETIT,PETIT
294,PETIT,PETIT
295,PETIT,PETIT
296,MOYEN PETIT,PETIT
297,MOYEN GRAND,GRAND
298,PETIT,PETIT
299,MINI,PETIT
300,SPORTIVE,SPORT
301,GRAND SUV,GRAND
302,GRAND SUV,GRAND
303,MINI SUV,PETIT
304,MOYEN PETIT,PETIT
305,MOYEN,GRAND
306,MINI,PETIT
307,PETIT,PETIT
308,MINI SUV,PETIT
309,MINI MONOSPACE,PETIT
310,MINI SUV,PETIT
311,MINI SUV,PETIT
312,PETIT,PETIT
313,MINI SUV,PETIT
314,MINI MONOSPACE,PETIT
315,MOYEN,GRAND
316,MINI,PETIT
317,MOYEN PETIT,PETIT
318,SPORTIVE,SPORT
319,MOYEN PETIT,PETIT
320,MINI MONOSPACE,PETIT
321,GRAND SUV,GRAND
322,SPORTIVE,SPORT
323,MINI MONOSPACE,PETIT
324,GRAND MONOSPCE,GRAND
325,MOYEN PETIT,PETIT
326,MINI SUV,PETIT
328,PETIT,PETIT
330,MOYEN PETIT,PETIT
331,MINI MONOSPACE,PETIT
334,PETIT,PETIT
335,MOYEN PETIT,PETIT
336,MOYEN PETIT,PETIT
337,GRAND MONOSPCE,GRAND
338,MINI,PETIT
339,GRAND MONOSPCE,GRAND
340,MOYEN GRAND,GRAND
341,GRAND,GRAND
342,PETIT,PETIT
343,GRAND MONOSPCE,GRAND
344,GRAND SUV,GRAND
345,MINI MONOSPACE,PETIT
346,GRAND MONOSPCE,GRAND
347,MOYEN PETIT,PETIT
352,SPORTIVE,SPORT
353,MOYEN,GRAND
354,MOYEN,GRAND
355,MOYEN GRAND,GRAND
356,MOYEN PETIT,PETIT
357,MOYEN,GRAND
358,MOYEN GRAND,GRAND
359,MOYEN GRAND,GRAND
360,GRAND SUV,GRAND
362,GRAND SUV,GRAND
363,GRAND SUV,GRAND
364,MINI MONOSPACE,PETIT
365,GRAND MONOSPCE,GRAND
368,MOYEN GRAND,GRAND
369,GRAND MONOSPCE,GRAND
370,GRAND SUV,GRAND
371,GRAND SUV,GRAND
372,MINI MONOSPACE,PETIT
373,MINI MONOSPACE,PETIT
374,GRAND SUV,GRAND
375,GRAND MONOSPCE,GRAND
380,PETIT,PETIT
382,MOYEN,GRAND
383,PETIT,PETIT
384,PETIT,PETIT
385,PETIT,PETIT
386,GRAND SUV,GRAND
387,MINI SUV,PETIT
389,MOYEN PETIT,PETIT
390,MOYEN,GRAND
391,MOYEN PETIT,PETIT
394,MOYEN GRAND,GRAND
395,MOYEN GRAND,GRAND
396,MINI MONOSPACE,PETIT
398,SPORTIVE,SPORT
400,GRAND,GRAND
401,MINI,PETIT
402,MOYEN PETIT,PETIT
403,PETIT,PETIT
405,MOYEN,GRAND
411,SPORTIVE,SPORT
413,MOYEN PETIT,PETIT
418,MOYEN GRAND,GRAND
421,SPORTIVE,SPORT
422,SPORTIVE,SPORT
423,SPORTIVE,SPORT
424,SPORTIVE,SPORT
432,MINI SUV,PETIT
434,SPORT,SPORT
435,SPORT,SPORT
437,SPORT,SPORT
438,SPORT,SPORT
440,SPORT,SPORT
444,SPORTIVE,SPORT
446,SPORT,SPORT
447,SPORTIVE,SPORT
448,SPORTIVE,SPORT
450,GRAND,GRAND
452,PETIT,PETIT
453,MINI,PETIT
455,MOYEN PETIT,PETIT
461,PETIT,PETIT
462,PETIT,PETIT
463,MINI SUV,PETIT
466,LUXE,SPORT
468,LUXE,SPORT
469,LUXE,SPORT
472,LUXE,SPORT
473,MINI SUV,PETIT
475,SPORTIVE,SPORT
476,SPORT,SPORT
479,GRAND,GRAND
481,MOYEN GRAND,GRAND
486,GRAND SUV,GRAND
488,GRAND,GRAND
489,GRAND SUV,GRAND
490,GRAND,GRAND
491,SPORT,SPORT
493,SPORT,SPORT
494,MOYEN,GRAND
495,SPORTIVE,SPORT
496,GRAND SUV,GRAND
497,SPORTIVE,SPORT
498,MOYEN,GRAND
499,MINI SUV,PETIT
500,MOYEN GRAND,GRAND
501,MOYEN GRAND,GRAND
502,MOYEN,GRAND
503,MINI,PETIT
504,MOYEN PETIT,PETIT
505,MINI MONOSPACE,PETIT
506,MINI SUV,PETIT
511,GRAND SUV,GRAND
512,GRAND SUV,GRAND
513,GRAND MONOSPCE,GRAND
514,GRAND,GRAND
515,GRAND,GRAND
520,MOYEN PETIT,PETIT
524,MOYEN GRAND,GRAND
531,MINI,PETIT
533,PETIT,PETIT
534,MINI MONOSPACE,PETIT
535,MOYEN GRAND,GRAND
540,PETIT,PETIT
541,MOYEN,GRAND
544,MINI SUV,PETIT
547,MOYEN,GRAND
552,GRAND SUV,GRAND
554,MOYEN PETIT,PETIT
555,PETIT,PETIT
556,SPORTIVE,SPORT
557,MINI,PETIT
558,MINI SUV,PETIT
559,MINI MONOSPACE,PETIT
560,MINI MONOSPACE,PETIT
561,MINI SUV,PETIT
563,PETIT,PETIT
564,MINI MONOSPACE,PETIT
567,MINI MONOSPACE,PETIT
568,UTILITAIRE,UTILITAIRE
569,SPORTIVE,SPORT
570,SPORTIVE,SPORT
574,MOYEN PETIT,PETIT
575,GRAND SUV,GRAND
576,SPORT,SPORT
577,SPORT,SPORT
580,MOYEN PETIT,PETIT
585,SPORT,SPORT
592,SPORT,SPORT
594,SPORT,SPORT
601,MINI MONOSPACE,PETIT
604,MINI SUV,PETIT
607,GRAND MONOSPCE,GRAND
609,GRAND SUV,GRAND
610,GRAND MONOSPCE,GRAND
611,GRAND MONOSPCE,GRAND
612,MINI MONOSPACE,PETIT
614,GRAND SUV,GRAND
620,MINI MONOSPACE,PETIT
621,MINI SUV,PETIT
624,MINI SUV,PETIT
625,SPORTIVE,SPORT
627,MINI MONOSPACE,PETIT
628,MINI SUV,PETIT
629,SPORTIVE,SPORT
630,MOYEN GRAND,GRAND
631,PETIT,PETIT
632,SPORT,SPORT
633,MINI MONOSPACE,PETIT
634,MINI MONOSPACE,PETIT
635,MINI SUV,PETIT
636,GRAND SUV,GRAND
637,MINI SUV,PETIT
639,SPORTIVE,SPORT
640,MOYEN GRAND,GRAND
643,GRAND SUV,GRAND
648,GRAND SUV,GRAND
649,LUXE,SPORT
650,MOYEN GRAND,GRAND
651,MOYEN,GRAND
652,GRAND,GRAND
653,GRAND,GRAND
654,GRAND,GRAND
656,SPORTIVE,SPORT
658,SPORT,SPORT
660,MINI SUV,PETIT
662,GRAND SUV,GRAND
663,MINI SUV,PETIT
664,MOYEN PETIT,PETIT
667,MOYEN PETIT,PETIT
668,MOYEN PETIT,PETIT
669,MOYEN,GRAND
670,MOYEN,GRAND
671,GRAND,GRAND
672,MINI,PETIT
674,MOYEN PETIT,PETIT
675,MOYEN PETIT,PETIT
676,MOYEN PETIT,PETIT
677,MOYEN PETIT,PETIT
678,MOYEN PETIT,PETIT
682,PETIT,PETIT
685,PETIT,PETIT
688,SPORT,SPORT
689,SPORT,SPORT
692,SPORT,SPORT
697,MOYEN GRAND,GRAND
699,MOYEN GRAND,GRAND
701,MOYEN GRAND,GRAND
702,GRAND,GRAND
703,SPORTIVE,SPORT
704,MINI,PETIT
706,SPORT,SPORT
707,SPORT,SPORT
708,SPORT,SPORT
709,SPORT,SPORT
712,MINI SUV,PETIT
714,MINI SUV,PETIT
717,SPORT,SPORT
721,SPORT,SPORT
722,SPORT,SPORT
723,LUXE,SPORT
725,SPORT,SPORT
726,SPORTIVE,SPORT
729,MINI MONOSPACE,PETIT
731,MINI MONOSPACE,PETIT
732,GRAND MONOSPCE,GRAND
733,GRAND SUV,GRAND
735,SPORTIVE,SPORT
736,GRAND SUV,GRAND
737,MOYEN,GRAND
738,MOYEN GRAND,GRAND
739,PETIT,PETIT
756,GRAND SUV,GRAND
757,GRAND MONOSPCE,GRAND
761,SPORTIVE,SPORT
762,SPORTIVE,SPORT
763,MOYEN PETIT,PETIT
764,MOYEN,GRAND
765,SPORTIVE,SPORT
766,MOYEN,GRAND
767,GRAND MONOSPCE,GRAND
769,MINI SUV,PETIT
770,MINI SUV,PETIT
771,MINI SUV,PETIT
772,MINI MONOSPACE,PETIT
773,GRAND MONOSPCE,GRAND
775,SPORT,SPORT
776,SPORT,SPORT
779,SPORTIVE,SPORT
781,SPORTIVE,SPORT
786,GRAND MONOSPCE,GRAND
788,GRAND SUV,GRAND
789,MINI MONOSPACE,PETIT
793,MINI MONOSPACE,PETIT
797,MINI SUV,PETIT
801,MINI MONOSPACE,PETIT
802,SPORTIVE,SPORT
810,SPORTIVE,SPORT
811,PETIT,PETIT
816,SPORTIVE,SPORT
817,GRAND MONOSPCE,GRAND
819,SPORT,SPORT
821,SPORT,SPORT
822,SPORT,SPORT
823,SPORT,SPORT
832,LUXE,SPORT
833,LUXE,SPORT
834,LUXE,SPORT
835,LUXE,SPORT
853,MOYEN GRAND,GRAND
855,PETIT,PETIT
858,GRAND SUV,GRAND
866,MINI MONOSPACE,PETIT
873,PETIT,PETIT
874,MINI MONOSPACE,PETIT
875,MINI,PETIT
876,MINI SUV,PETIT
878,MINI SUV,PETIT
879,MINI SUV,PETIT
880,GRAND MONOSPCE,GRAND
881,PETIT,PETIT
882,MINI SUV,PETIT
883,SPORTIVE,SPORT
884,GRAND SUV,GRAND
886,MINI SUV,PETIT
887,MOYEN PETIT,PETIT
888,MOYEN PETIT,PETIT
895,GRAND SUV,GRAND
896,MINI MONOSPACE,PETIT
897,MOYEN GRAND,GRAND
901,GRAND SUV,GRAND
902,MINI MONOSPACE,PETIT
904,SPORTIVE,SPORT
906,PETIT,PETIT
907,SPORTIVE,SPORT
909,MINI MONOSPACE,PETIT
910,SPORTIVE,SPORT
911,SPORTIVE,SPORT
912,SPORTIVE,SPORT
913,SPORTIVE,SPORT
919,SPORTIVE,SPORT
920,MINI SUV,PETIT
929,GRAND MONOSPCE,GRAND
930,SPORTIVE,SPORT
933,SPORTIVE,SPORT
941,MOYEN PETIT,PETIT
942,MOYEN GRAND,GRAND
944,GRAND SUV,GRAND
945,MINI SUV,PETIT
946,MINI,PETIT
948,MOYEN PETIT,PETIT
951,MINI MONOSPACE,PETIT
952,MOYEN GRAND,GRAND
953,MOYEN,GRAND
954,MINI SUV,PETIT
955,GRAND SUV,GRAND
956,MINI SUV,PETIT
957,MINI SUV,PETIT
959,GRAND,GRAND
960,SPORT,SPORT
961,MOYEN GRAND,GRAND
962,MOYEN GRAND,GRAND
964,MINI SUV,PETIT
965,MOYEN GRAND,GRAND
966,MINI MONOSPACE,PETIT
967,MOYEN PETIT,PETIT
968,SPORT,SPORT
969,SPORTIVE,SPORT
971,PETIT,PETIT
973,PETIT,PETIT
974,GRAND SUV,GRAND
976,MINI MONOSPACE,PETIT
977,GRAND MONOSPCE,GRAND
978,UTILITAIRE,UTILITAIRE
981,SPORTIVE,SPORT
982,GRAND SUV,GRAND
983,MINI MONOSPACE,PETIT
984,UTILITAIRE,UTILITAIRE
986,GRAND MONOSPCE,GRAND
987,MOYEN,GRAND
988,MINI,PETIT
991,MOYEN PETIT,PETIT
992,GRAND SUV,GRAND
993,SPORTIVE,SPORT
994,MINI MONOSPACE,PETIT
995,MINI,PETIT
996,SPORTIVE,SPORT
998,GRAND,GRAND
1001,GRAND MONOSPCE,GRAND
1002,MINI,PETIT
1007,SPORT,SPORT
1009,GRAND SUV,GRAND
1011,MINI SUV,PETIT
1012,GRAND MONOSPCE,GRAND
1015,UTILITAIRE,UTILITAIRE
1017,SPORTIVE,SPORT
1018,UTILITAIRE,UTILITAIRE
1024,MINI SUV,PETIT
1025,SPORTIVE,SPORT
1026,MINI MONOSPACE,PETIT
1028,SPORT,SPORT
1029,MOYEN GRAND,GRAND
1030,SPORTIVE,SPORT
1031,MOYEN GRAND,GRAND
1032,MOYEN,GRAND
1034,SPORTIVE,SPORT
1035,LUXE,SPORT
1040,MINI,PETIT
1049,MINI SUV,PETIT
1052,MINI MONOSPACE,PETIT
1053,MINI SUV,PETIT
1055,SPORTIVE,SPORT
1056,SPORTIVE,SPORT
1058,MOYEN PETIT,PETIT
1059,MINI MONOSPACE,PETIT
1112,PETIT,PETIT
1115,GRAND SUV,GRAND
1117,GRAND SUV,GRAND
1118,GRAND SUV,GRAND
1122,UTILITAIRE,UTILITAIRE
1123,MOYEN,GRAND
1124,MINI MONOSPACE,PETIT
1125,MOYEN GRAND,GRAND
1126,UTILITAIRE,UTILITAIRE
1128,MOYEN,GRAND
1150,GRAND MONOSPCE,GRAND
1160,SPORTIVE,SPORT
1161,UTILITAIRE,UTILITAIRE
1162,UTILITAIRE,UTILITAIRE
1163,UTILITAIRE,UTILITAIRE
1164,UTILITAIRE,UTILITAIRE
1165,UTILITAIRE,UTILITAIRE
1166,UTILITAIRE,UTILITAIRE
1167,UTILITAIRE,UTILITAIRE
1168,UTILITAIRE,UTILITAIRE
1169,UTILITAIRE,UTILITAIRE
1170,UTILITAIRE,UTILITAIRE
1171,UTILITAIRE,UTILITAIRE
1172,UTILITAIRE,UTILITAIRE
1173,UTILITAIRE,UTILITAIRE
1174,UTILITAIRE,UTILITAIRE
1175,UTILITAIRE,UTILITAIRE
1176,UTILITAIRE,UTILITAIRE
1177,UTILITAIRE,UTILITAIRE
1178,UTILITAIRE,UTILITAIRE
1179,UTILITAIRE,UTILITAIRE
1180,UTILITAIRE,UTILITAIRE
1181,UTILITAIRE,UTILITAIRE
1182,UTILITAIRE,UTILITAIRE
1184,PETIT,PETIT
1188,MINI SUV,PETIT
1189,SPORTIVE,SPORT
1190,SPORT,SPORT
1191,MOYEN,GRAND
1193,GRAND SUV,GRAND
1195,GRAND MONOSPCE,GRAND
1197,PETIT,PETIT
1198,GRAND SUV,GRAND
2001,GRAND SUV,GRAND
2006,MOYEN GRAND,GRAND
2009,MOYEN,GRAND
2014,SPORTIVE,SPORT
2015,MINI SUV,PETIT
2021,SPORTIVE,SPORT
2027,PETIT,PETIT
2035,GRAND MONOSPCE,GRAND
2037,LUXE,SPORT
2057,MOYEN,GRAND
2077,PETIT,PETIT
2109,SPORTIVE,SPORT
2141,MINI MONOSPACE,PETIT
2144,MOYEN PETIT,PETIT
2147,GRAND,GRAND
2148,MINI SUV,PETIT
2149,MOYEN GRAND,GRAND
2157,UTILITAIRE,UTILITAIRE
2158,MINI SUV,PETIT
2164,GRAND MONOSPCE,GRAND
2165,MINI MONOSPACE,PETIT
2168,MOYEN PETIT,PETIT
2169,MOYEN PETIT,PETIT
2171,SPORTIVE,SPORT
2177,SPORT,SPORT
2178,SPORTIVE,SPORT
2179,SPORTIVE,SPORT
2194,PETIT,PETIT
2216,GRAND MONOSPCE,GRAND
2223,MINI,PETIT
2233,SPORTIVE,SPORT
2235,MOYEN,GRAND
2237,MINI MONOSPACE,PETIT
2237,MINI SUV,PETIT
2244,PETIT,PETIT
2285,UTILITAIRE,UTILITAIRE
2286,MINI SUV,PETIT
2287,MINI SUV,PETIT
2289,MINI MONOSPACE,PETIT
2291,MINI,PETIT
2325,GRAND SUV,GRAND
2326,MINI MONOSPACE,PETIT
2328,MOYEN PETIT,PETIT
2329,MOYEN,GRAND
2330,PETIT,PETIT
2331,SPORTIVE,SPORT
2332,PETIT,PETIT
2333,SPORTIVE,SPORT
2336,SPORTIVE,SPORT
2337,SPORTIVE,SPORT
2344,PETIT,PETIT
2365,GRAND,GRAND
2366,MINI MONOSPACE,PETIT
2426,SPORTIVE,SPORT
2427,MINI SUV,PETIT
2428,MINI SUV,PETIT
2428,MINI MONOSPACE,PETIT
2429,MOYEN,GRAND
2430,MINI SUV,PETIT
2431,UTILITAIRE,UTILITAIRE
2432,UTILITAIRE,UTILITAIRE
2495,MOYEN GRAND,GRAND
2564,MINI MONOSPACE,PETIT
2565,GRAND SUV,GRAND
2568,SPORTIVE,SPORT
2587,MOYEN GRAND,GRAND
2654,MOYEN PETIT,PETIT
2663,GRAND MONOSPCE,GRAND
2665,GRAND SUV,GRAND
2666,GRAND SUV,GRAND
2673,MOYEN,GRAND
2674,SPORTIVE,SPORT
2675,PETIT,PETIT
2688,MINI MONOSPACE,PETIT
2690,GRAND MONOSPCE,GRAND
2695,MINI MONOSPACE,PETIT
2696,MINI,PETIT
2699,PETIT,PETIT
2700,MINI SUV,PETIT
2701,UTILITAIRE,UTILITAIRE
2702,MINI SUV,PETIT
2704,UTILITAIRE,UTILITAIRE
2705,SPORTIVE,SPORT
2706,UTILITAIRE,UTILITAIRE
2708,UTILITAIRE,UTILITAIRE
2709,MOYEN GRAND,GRAND
2710,UTILITAIRE,UTILITAIRE
2722,PETIT,PETIT
2723,MOYEN GRAND,GRAND
2725,MOYEN PETIT,PETIT
2726,MINI SUV,PETIT
2727,MOYEN,GRAND
2728,MINI SUV,PETIT
2729,MOYEN GRAND,GRAND
2730,SPORTIVE,SPORT
2731,MOYEN GRAND,GRAND
2732,MINI SUV,PETIT
2733,SPORTIVE,SPORT
2734,MINI MONOSPACE,PETIT
2735,MINI MONOSPACE,PETIT
2736,MINI MONOSPACE,PETIT
2745,GRAND MONOSPCE,GRAND
2747,GRAND SUV,GRAND
2748,SPORT,SPORT
2749,SPORT,SPORT
2750,SPORT,SPORT
2751,SPORT,SPORT
2752,SPORT,SPORT
2754,MINI SUV,PETIT
2762,MOYEN,GRAND
2771,SPORT,SPORT
2804,SPORT,SPORT
2806,GRAND SUV,GRAND
2809,GRAND SUV,GRAND
2813,MOYEN GRAND,GRAND
2822,MOYEN,GRAND
2826,MINI SUV,PETIT
2830,UTILITAIRE,UTILITAIRE
2834,UTILITAIRE,UTILITAIRE
2839,UTILITAIRE,UTILITAIRE
2840,UTILITAIRE,UTILITAIRE
2842,UTILITAIRE,UTILITAIRE
2847,MINI,PETIT
2848,MINI,PETIT
2852,MINI,PETIT
2854,MINI,PETIT
2857,SPORT,SPORT
2858,LUXE,SPORT
2859,SPORT,SPORT
2861,SPORT,SPORT
2862,UTILITAIRE,UTILITAIRE
2868,UTILITAIRE,UTILITAIRE
2869,MOYEN PETIT,PETIT
2874,MINI,PETIT
2879,SPORT,SPORT
2880,SPORT,SPORT
2881,SPORT,SPORT
2883,LUXE,SPORT
2884,LUXE,SPORT
2903,UTILITAIRE,UTILITAIRE
2908,LUXE,SPORT
2909,MINI,PETIT
2910,MOYEN PETIT,PETIT
2911,MOYEN PETIT,PETIT
2912,MOYEN GRAND,GRAND
2913,MOYEN GRAND,GRAND
2915,GRAND SUV,GRAND
2916,SPORT,SPORT
2920,SPORTIVE,SPORT
2926,MINI,PETIT
2935,SPORT,SPORT
2938,SPORT,SPORT
2992,MOYEN PETIT,PETIT
2993,MINI,PETIT
2996,MOYEN PETIT,PETIT
3007,MINI,PETIT
3008,MINI SUV,PETIT
3009,MOYEN PETIT,PETIT
3010,MINI MONOSPACE,PETIT
3011,GRAND MONOSPCE,GRAND
3013,MOYEN PETIT,PETIT
3014,MOYEN,GRAND
3015,SPORTIVE,SPORT
3016,MINI SUV,PETIT
3017,MOYEN,GRAND
3018,MINI,PETIT
3019,SPORTIVE,SPORT
3020,MINI SUV,PETIT
3021,SPORTIVE,SPORT
3027,GRAND MONOSPCE,GRAND
3029,MINI MONOSPACE,PETIT
3032,PETIT,PETIT
3038,MINI,PETIT
3047,SPORT,SPORT
3049,GRAND,GRAND
3050,SPORT,SPORT
3065,MINI,PETIT
3070,SPORT,SPORT
3094,SPORT,SPORT
3095,SPORT,SPORT
3103,LUXE,SPORT
3105,GRAND MONOSPCE,GRAND
3109,MINI MONOSPACE,PETIT
3112,MINI SUV,PETIT
3119,MINI SUV,PETIT
3120,MINI,PETIT
3128,MINI SUV,PETIT
3129,MOYEN,GRAND
3130,MINI MONOSPACE,PETIT
3131,SPORTIVE,SPORT
3132,SPORTIVE,SPORT
3133,PETIT,PETIT
3134,MINI SUV,PETIT
3135,MINI,PETIT
3136,MOYEN GRAND,GRAND
3137,MOYEN,GRAND
3138,MINI,PETIT
3139,SPORT,SPORT
3140,MINI MONOSPACE,PETIT
3141,GRAND MONOSPCE,GRAND
3142,MINI MONOSPACE,PETIT
3143,MINI,PETIT
3144,SPORT,SPORT
3146,MOYEN,GRAND
3147,MINI MONOSPACE,PETIT
3148,PETIT,PETIT
3150,SPORTIVE,SPORT
3153,MOYEN GRAND,GRAND
3157,SPORT,SPORT
3159,MOYEN PETIT,PETIT
3164,SPORTIVE,SPORT
3169,MINI SUV,PETIT
3175,GRAND,GRAND
3176,MINI SUV,PETIT
3183,UTILITAIRE,UTILITAIRE
3185,MINI MONOSPACE,PETIT
3186,MINI MONOSPACE,PETIT
3187,SPORT,SPORT
3189,MOYEN PETIT,PETIT
3190,SPORTIVE,SPORT
3195,MINI MONOSPACE,PETIT
3196,MINI,PETIT
3198,GRAND SUV,GRAND
3200,MOYEN PETIT,PETIT
3201,MOYEN GRAND,GRAND
3202,MINI,PETIT
3203,MINI SUV,PETIT
3204,MOYEN PETIT,PETIT
3225,PETIT,PETIT
3226,GRAND,GRAND
3236,MOYEN,GRAND
3239,MINI SUV,PETIT
3240,PETIT,PETIT
3241,MINI SUV,PETIT
3242,GRAND,GRAND
3243,MINI SUV,PETIT
3250,MOYEN,GRAND
3259,SPORTIVE,SPORT
3271,SPORTIVE,SPORT
3278,SPORTIVE,SPORT
3290,SPORT,SPORT
3296,GRAND MONOSPCE,GRAND
3331,GRAND,GRAND
3338,PETIT,PETIT
3341,MINI,PETIT
3343,UTILITAIRE,UTILITAIRE
3344,UTILITAIRE,UTILITAIRE
3346,UTILITAIRE,UTILITAIRE
3355,GRAND SUV,GRAND
3372,MINI,PETIT
3377,MOYEN GRAND,GRAND
3382,SPORTIVE,SPORT
3383,SPORT,SPORT
3384,SPORTIVE,SPORT
3385,MINI SUV,PETIT
3386,MOYEN GRAND,GRAND
3388,MINI SUV,PETIT
3398,MINI,PETIT
3400,SPORTIVE,SPORT
3403,MINI,PETIT
3405,SPORTIVE,SPORT
3406,MOYEN PETIT,PETIT
3409,SPORTIVE,SPORT
3410,MOYEN PETIT,PETIT
3411,LUXE,SPORT
3412,GRAND SUV,GRAND
3414,SPORT,SPORT
3415,SPORT,SPORT
3417,MINI SUV,PETIT
3418,MINI SUV,PETIT
3419,MOYEN PETIT,PETIT
3420,MINI SUV,PETIT
3421,GRAND SUV,GRAND
3422,MINI SUV,PETIT
3423,GRAND,GRAND
3424,UTILITAIRE,UTILITAIRE
3426,SPORT,SPORT
3428,UTILITAIRE,UTILITAIRE
3429,MINI SUV,PETIT
3430,MINI MONOSPACE,PETIT
3432,PETIT,PETIT
3435,GRAND,GRAND
3436,SPORT,SPORT
3442,SPORTIVE,SPORT
3447,MINI,PETIT
3456,SPORTIVE,SPORT
3457,MINI SUV,PETIT
3462,MINI SUV,PETIT
3463,MINI,PETIT
3473,SPORTIVE,SPORT
3477,MINI MONOSPACE,PETIT
3486,UTILITAIRE,UTILITAIRE
3490,SPORTIVE,SPORT
3491,GRAND,GRAND
3502,MINI SUV,PETIT
3506,MOYEN PETIT,PETIT
3509,SPORT,SPORT
3510,SPORT,SPORT
3512,MINI,PETIT
3513,MOYEN PETIT,PETIT
3514,PETIT,PETIT
3515,PETIT,PETIT
3518,MINI MONOSPACE,PETIT
3519,MOYEN PETIT,PETIT
3521,MOYEN PETIT,PETIT
3522,MINI,PETIT
3532,PETIT,PETIT
3533,MINI SUV,PETIT
3534,MOYEN,GRAND
3535,MINI,PETIT
3542,MINI SUV,PETIT
3582,GRAND MONOSPCE,GRAND
3594,SPORTIVE,SPORT
3597,SPORTIVE,SPORT
3606,UTILITAIRE,UTILITAIRE
3607,MINI,PETIT
3614,SPORT,SPORT
3615,SPORTIVE,SPORT
3637,MOYEN,GRAND
3639,MINI SUV,PETIT
3640,GRAND SUV,GRAND
3647,SPORTIVE,SPORT
3655,MINI SUV,PETIT
3658,MINI SUV,PETIT
3662,GRAND MONOSPCE,GRAND
3667,MOYEN PETIT,PETIT
3672,MINI SUV,PETIT
3690,MINI,PETIT
3709,SPORT,SPORT
3715,MOYEN,GRAND
3750,SPORT,SPORT
3751,MOYEN GRAND,GRAND
3758,GRAND SUV,GRAND
3759,MOYEN,GRAND
3760,MOYEN PETIT,PETIT
3761,GRAND SUV,GRAND
3766,GRAND SUV,GRAND
3767,PETIT,PETIT
3768,UTILITAIRE,UTILITAIRE
3769,MOYEN GRAND,GRAND
3775,GRAND MONOSPCE,GRAND
3777,SPORTIVE,SPORT
3779,MOYEN PETIT,PETIT
3785,GRAND SUV,GRAND
3790,SPORTIVE,SPORT
3795,SPORTIVE,SPORT
3797,GRAND SUV,GRAND
3798,SPORT,SPORT
3801,GRAND SUV,GRAND
3892,MINI MONOSPACE,PETIT
3894,SPORT,SPORT
3897,GRAND MONOSPCE,GRAND
3898,GRAND MONOSPCE,GRAND
3916,SPORT,SPORT
3917,SPORT,SPORT
3920,LUXE,SPORT
3944,PETIT,PETIT
3951,GRAND MONOSPCE,GRAND
4001,MINI SUV,PETIT
4002,GRAND MONOSPCE,GRAND
4003,UTILITAIRE,UTILITAIRE
4004,UTILITAIRE,UTILITAIRE
4005,UTILITAIRE,UTILITAIRE
4007,UTILITAIRE,UTILITAIRE
4011,MINI SUV,PETIT
4032,UTILITAIRE,UTILITAIRE
4033,UTILITAIRE,UTILITAIRE
4034,UTILITAIRE,UTILITAIRE
4035,MINI SUV,PETIT
4036,GRAND SUV,GRAND
4037,PETIT,PETIT
4040,MOYEN PETIT,PETIT
4041,SPORTIVE,SPORT
4046,SPORT,SPORT
4080,SPORT,SPORT
4114,MINI SUV,PETIT
4117,MINI SUV,PETIT
4296,GRAND SUV,GRAND
4305,SPORT,SPORT
4306,SPORT,SPORT
4327,SPORTIVE,SPORT
4328,LUXE,SPORT
4329,GRAND SUV,GRAND
4330,MOYEN GRAND,GRAND
4331,MINI SUV,PETIT
4363,UTILITAIRE,UTILITAIRE
4371,MOYEN PETIT,PETIT
4372,GRAND MONOSPCE,GRAND
4380,PETIT,PETIT
4391,GRAND MONOSPCE,GRAND
4395,MINI SUV,PETIT
4398,PETIT,PETIT
4503,SPORT,SPORT
4540,SPORT,SPORT
4633,SPORT,SPORT
4636,GRAND MONOSPCE,GRAND
4675,MINI SUV,PETIT
4737,GRAND,GRAND
4743,GRAND MONOSPCE,GRAND
4747,GRAND SUV,GRAND
4749,MINI SUV,PETIT
4750,MINI SUV,PETIT
4752,UTILITAIRE,UTILITAIRE
4762,SPORTIVE,SPORT
4804,SPORT,SPORT
4815,SPORT,SPORT
4816,MOYEN PETIT,PETIT
4817,MOYEN GRAND,GRAND
4818,GRAND SUV,GRAND
4829,MINI SUV,PETIT
4831,MINI SUV,PETIT
4832,MOYEN,GRAND
4833,MINI SUV,PETIT
4834,MINI SUV,PETIT
4853,MINI SUV,PETIT
4854,GRAND SUV,GRAND
4855,MINI SUV,PETIT
4856,MINI SUV,PETIT
4857,MINI SUV,PETIT
4858,MINI SUV,PETIT
4859,MINI SUV,PETIT
4860,MOYEN,GRAND
4913,MINI MONOSPACE,PETIT
4919,GRAND SUV,GRAND
4925,MINI MONOSPACE,PETIT
4928,MINI SUV,PETIT
4929,MINI SUV,PETIT
4936,SPORT,SPORT
4938,GRAND,GRAND
4952,MINI SUV,PETIT
4953,MINI MONOSPACE,PETIT
4954,MINI MONOSPACE,PETIT
4959,MINI SUV,PETIT
4966,MINI MONOSPACE,PETIT
4967,MINI MONOSPACE,PETIT
4973,MOYEN GRAND,GRAND
4990,MINI MONOSPACE,PETIT
4996,UTILITAIRE,UTILITAIRE
4997,MINI MONOSPACE,PETIT
4998,MOYEN,GRAND
5003,MINI SUV,PETIT
5020,MINI SUV,PETIT
5026,MINI SUV,PETIT
5027,MINI SUV,PETIT
5029,MINI SUV,PETIT
5030,MINI SUV,PETIT
5039,SPORT,SPORT
5068,MINI SUV,PETIT
5069,MOYEN PETIT,PETIT
5139,MINI SUV,PETIT
5150,SPORTIVE,SPORT
5151,MINI MONOSPACE,PETIT
5152,MINI SUV,PETIT
5153,GRAND MONOSPCE,GRAND
5156,PETIT,PETIT
5211,UTILITAIRE,UTILITAIRE
5246,UTILITAIRE,UTILITAIRE
5249,MINI SUV,PETIT
5266,PETIT,PETIT
5269,MINI SUV,PETIT
5277,GRAND,GRAND
5278,SPORTIVE,SPORT
5299,MINI SUV,PETIT
5300,PETIT,PETIT
5301,MINI SUV,PETIT
5303,MINI,PETIT
5307,MINI,PETIT
5325,GRAND MONOSPCE,GRAND
5333,GRAND MONOSPCE,GRAND
5336,PETIT,PETIT
5337,MINI SUV,PETIT
5338,MINI SUV,PETIT
5339,MINI SUV,PETIT
5344,PETIT,PETIT
5345,MINI,PETIT
5347,UTILITAIRE,UTILITAIRE
5396,MINI SUV,PETIT
5426,UTILITAIRE,UTILITAIRE
5427,UTILITAIRE,UTILITAIRE
5429,UTILITAIRE,UTILITAIRE
5434,UTILITAIRE,UTILITAIRE
5437,MINI MONOSPACE,PETIT
5566,MINI SUV,PETIT
5623,MOYEN PETIT,PETIT
5624,UTILITAIRE,UTILITAIRE
5772,MINI MONOSPACE,PETIT
5778,MINI SUV,PETIT
5795,LUXE,SPORT
5796,LUXE,SPORT
5798,UTILITAIRE,UTILITAIRE
5809,MINI SUV,PETIT
5815,PETIT,PETIT
5817,PETIT,PETIT
